"","testpred.rf","testpred.gbm","testpred.el1","testpred.el2"
"1","A","A","A","A"
"2","A","A","A","A"
"3","A","A","A","A"
"4","A","A","A","A"
"5","A","A","A","A"
"6","A","A","A","A"
"7","A","A","A","A"
"8","A","A","A","A"
"9","A","A","A","A"
"10","A","A","A","A"
"11","A","A","A","A"
"12","A","A","A","A"
"13","A","A","A","A"
"14","A","A","A","A"
"15","A","A","A","A"
"16","A","A","A","A"
"17","A","A","A","A"
"18","A","A","A","A"
"19","A","A","A","A"
"20","A","A","A","A"
"21","A","A","A","A"
"22","A","A","A","A"
"23","A","A","A","A"
"24","A","A","A","A"
"25","A","A","A","A"
"26","A","A","A","A"
"27","A","A","A","A"
"28","A","A","A","A"
"29","A","A","A","A"
"30","A","A","A","A"
"31","A","A","A","A"
"32","A","A","A","A"
"33","A","A","C","C"
"34","A","A","C","A"
"35","A","A","C","C"
"36","A","A","C","C"
"37","A","A","C","C"
"38","A","A","C","C"
"39","A","A","C","C"
"40","A","A","C","C"
"41","A","A","C","C"
"42","A","A","C","C"
"43","A","A","C","C"
"44","A","A","C","C"
"45","A","A","C","C"
"46","A","A","C","C"
"47","A","A","C","C"
"48","A","A","C","C"
"49","A","A","C","A"
"50","A","A","C","C"
"51","A","A","C","C"
"52","A","A","C","A"
"53","A","A","C","C"
"54","A","A","C","C"
"55","A","A","C","C"
"56","A","A","C","A"
"57","A","A","A","A"
"58","A","A","A","A"
"59","A","A","A","A"
"60","A","A","C","C"
"61","A","A","C","A"
"62","A","A","E","E"
"63","A","A","E","E"
"64","A","A","E","A"
"65","A","A","A","A"
"66","A","A","A","A"
"67","A","A","A","A"
"68","A","A","A","A"
"69","A","A","A","A"
"70","A","A","A","A"
"71","A","A","A","A"
"72","A","A","A","A"
"73","A","A","C","C"
"74","A","A","C","C"
"75","A","A","C","C"
"76","A","A","C","C"
"77","A","A","C","C"
"78","A","A","C","C"
"79","A","A","A","A"
"80","A","A","D","D"
"81","A","A","D","D"
"82","A","A","D","D"
"83","A","A","A","A"
"84","A","A","A","A"
"85","A","A","A","A"
"86","A","A","A","A"
"87","A","A","A","A"
"88","A","A","A","A"
"89","A","A","A","A"
"90","A","A","A","A"
"91","A","A","A","A"
"92","A","A","A","A"
"93","A","A","D","D"
"94","A","A","D","D"
"95","A","A","A","A"
"96","A","A","A","A"
"97","A","A","A","A"
"98","A","A","A","A"
"99","A","A","A","A"
"100","A","A","C","C"
"101","A","A","D","D"
"102","A","A","A","A"
"103","A","A","A","A"
"104","A","A","A","A"
"105","A","A","A","A"
"106","A","A","D","D"
"107","A","A","A","A"
"108","A","A","D","D"
"109","A","A","D","D"
"110","A","A","D","D"
"111","A","A","B","B"
"112","A","A","C","C"
"113","A","A","A","A"
"114","A","A","B","B"
"115","A","A","A","B"
"116","A","A","A","A"
"117","A","A","A","A"
"118","A","A","A","B"
"119","A","A","A","A"
"120","A","A","A","A"
"121","A","A","A","A"
"122","A","A","A","A"
"123","A","A","D","B"
"124","A","A","A","A"
"125","A","A","A","A"
"126","A","A","A","A"
"127","A","A","D","A"
"128","A","A","D","D"
"129","A","A","A","A"
"130","A","A","A","A"
"131","A","A","A","A"
"132","A","A","A","A"
"133","A","A","A","A"
"134","A","A","D","D"
"135","A","A","D","D"
"136","A","A","A","A"
"137","A","A","D","D"
"138","A","B","A","A"
"139","A","B","A","A"
"140","A","B","A","A"
"141","A","A","A","A"
"142","A","A","A","A"
"143","A","A","A","A"
"144","A","A","A","A"
"145","A","A","A","A"
"146","A","A","A","A"
"147","A","A","A","A"
"148","A","A","A","A"
"149","A","A","A","A"
"150","A","A","A","A"
"151","A","A","A","A"
"152","A","A","A","A"
"153","A","A","A","A"
"154","A","A","A","A"
"155","A","A","A","A"
"156","A","A","A","A"
"157","A","A","A","A"
"158","A","A","A","A"
"159","A","A","A","A"
"160","A","A","A","A"
"161","A","A","A","A"
"162","A","A","A","A"
"163","A","A","A","A"
"164","A","A","A","A"
"165","A","A","A","A"
"166","A","A","A","A"
"167","A","A","A","A"
"168","A","A","A","A"
"169","A","A","A","A"
"170","A","A","A","A"
"171","A","A","A","A"
"172","A","A","A","A"
"173","A","A","A","A"
"174","A","A","A","A"
"175","A","A","A","A"
"176","A","A","A","A"
"177","A","A","A","A"
"178","A","A","A","A"
"179","A","A","A","A"
"180","A","A","A","A"
"181","A","A","A","A"
"182","A","A","A","A"
"183","A","A","A","A"
"184","A","A","A","A"
"185","A","A","A","A"
"186","A","A","A","A"
"187","A","A","A","A"
"188","A","A","A","A"
"189","A","A","A","A"
"190","A","A","A","A"
"191","A","A","A","A"
"192","A","A","A","A"
"193","A","A","A","A"
"194","A","A","A","A"
"195","A","A","A","A"
"196","A","A","A","A"
"197","A","A","A","A"
"198","A","A","A","A"
"199","A","A","A","A"
"200","A","A","A","A"
"201","A","A","A","A"
"202","A","A","A","A"
"203","A","A","A","A"
"204","A","A","A","A"
"205","A","A","A","A"
"206","A","A","A","A"
"207","A","A","A","A"
"208","A","A","A","A"
"209","A","A","A","A"
"210","A","A","A","A"
"211","A","A","A","A"
"212","A","A","A","A"
"213","A","A","A","A"
"214","A","A","A","A"
"215","A","A","A","A"
"216","A","A","A","A"
"217","A","A","A","A"
"218","A","A","A","A"
"219","A","A","A","A"
"220","A","A","A","A"
"221","A","A","A","A"
"222","A","A","A","A"
"223","A","A","A","A"
"224","A","A","A","A"
"225","A","A","A","A"
"226","A","A","A","A"
"227","A","A","A","A"
"228","A","A","A","A"
"229","A","A","C","C"
"230","A","A","A","C"
"231","A","C","C","C"
"232","A","A","C","C"
"233","A","A","C","C"
"234","A","A","C","C"
"235","A","A","E","E"
"236","A","A","A","C"
"237","A","A","A","C"
"238","A","A","A","C"
"239","A","A","C","C"
"240","A","A","C","C"
"241","A","A","C","C"
"242","A","A","A","D"
"243","A","A","A","A"
"244","A","A","A","C"
"245","A","A","A","C"
"246","A","A","A","A"
"247","A","A","A","A"
"248","A","A","A","A"
"249","A","A","A","A"
"250","A","A","A","A"
"251","A","A","A","A"
"252","A","A","A","A"
"253","A","A","A","A"
"254","A","A","A","A"
"255","A","A","A","A"
"256","A","B","C","A"
"257","A","A","A","A"
"258","A","A","A","A"
"259","A","A","A","A"
"260","A","A","D","D"
"261","A","A","D","D"
"262","A","A","D","D"
"263","A","A","D","D"
"264","A","A","C","A"
"265","A","A","C","A"
"266","A","A","D","D"
"267","A","A","A","A"
"268","A","A","A","A"
"269","A","A","A","A"
"270","A","A","A","A"
"271","A","A","A","A"
"272","A","A","A","A"
"273","A","A","A","A"
"274","A","A","A","A"
"275","A","A","B","A"
"276","A","A","A","A"
"277","A","A","C","A"
"278","A","A","C","A"
"279","A","A","C","D"
"280","A","A","A","A"
"281","A","A","A","A"
"282","A","A","A","A"
"283","A","A","A","A"
"284","A","A","A","A"
"285","A","A","A","A"
"286","A","A","B","A"
"287","A","A","A","A"
"288","A","A","B","A"
"289","A","A","A","A"
"290","A","A","C","A"
"291","A","A","C","A"
"292","A","A","A","A"
"293","A","A","A","A"
"294","A","A","A","A"
"295","A","A","A","A"
"296","A","A","A","A"
"297","A","A","A","A"
"298","A","A","A","A"
"299","A","A","A","A"
"300","A","A","A","A"
"301","A","A","A","A"
"302","A","A","A","A"
"303","A","A","A","A"
"304","A","A","A","A"
"305","A","A","D","D"
"306","A","A","A","A"
"307","A","A","B","A"
"308","A","A","C","A"
"309","A","A","C","A"
"310","A","A","C","A"
"311","A","A","A","A"
"312","A","A","C","A"
"313","A","A","A","A"
"314","A","A","A","A"
"315","A","A","A","A"
"316","A","A","A","A"
"317","A","A","A","A"
"318","A","A","A","A"
"319","A","A","A","A"
"320","A","A","A","A"
"321","A","A","A","A"
"322","A","A","A","A"
"323","A","A","A","A"
"324","A","A","A","A"
"325","A","A","A","A"
"326","A","A","A","A"
"327","A","A","A","A"
"328","A","A","A","A"
"329","A","A","A","A"
"330","A","A","A","A"
"331","A","A","A","A"
"332","A","A","A","A"
"333","A","A","B","A"
"334","A","A","A","A"
"335","A","A","A","A"
"336","A","A","A","A"
"337","A","A","A","A"
"338","A","A","A","A"
"339","A","A","A","A"
"340","A","A","A","A"
"341","A","A","A","A"
"342","A","A","A","A"
"343","A","A","A","A"
"344","A","A","A","A"
"345","A","A","A","A"
"346","A","A","A","A"
"347","A","A","A","A"
"348","A","A","A","A"
"349","A","A","A","A"
"350","A","A","A","A"
"351","A","A","A","A"
"352","A","A","A","A"
"353","A","A","A","A"
"354","A","A","A","A"
"355","A","A","A","A"
"356","A","A","A","A"
"357","A","A","A","A"
"358","A","A","A","A"
"359","A","A","A","A"
"360","A","A","A","A"
"361","A","A","A","A"
"362","A","A","A","A"
"363","A","A","A","A"
"364","A","A","A","A"
"365","A","A","A","A"
"366","A","A","A","A"
"367","A","A","A","A"
"368","A","A","A","A"
"369","A","A","A","A"
"370","A","A","A","A"
"371","A","A","A","A"
"372","A","A","A","A"
"373","A","A","A","A"
"374","A","A","A","A"
"375","A","A","A","A"
"376","A","A","A","A"
"377","A","A","A","A"
"378","A","A","A","A"
"379","A","A","A","A"
"380","A","A","A","A"
"381","A","A","A","A"
"382","A","A","A","A"
"383","A","A","A","A"
"384","A","A","A","A"
"385","A","A","A","A"
"386","A","A","A","A"
"387","A","A","D","D"
"388","A","A","A","A"
"389","A","A","A","A"
"390","A","A","A","A"
"391","A","A","A","A"
"392","A","A","A","A"
"393","A","A","A","A"
"394","A","A","A","A"
"395","A","A","A","A"
"396","A","A","A","A"
"397","A","A","A","A"
"398","A","A","A","A"
"399","A","A","A","A"
"400","A","A","D","D"
"401","A","A","D","D"
"402","A","A","A","A"
"403","A","A","A","A"
"404","A","A","A","A"
"405","A","A","A","A"
"406","A","A","A","A"
"407","A","A","E","E"
"408","A","A","D","E"
"409","A","A","A","A"
"410","A","A","A","A"
"411","A","A","C","C"
"412","A","A","A","A"
"413","A","A","A","A"
"414","A","A","A","A"
"415","A","A","A","A"
"416","A","A","B","B"
"417","A","A","B","B"
"418","A","A","A","A"
"419","A","A","A","A"
"420","A","A","A","A"
"421","A","A","A","A"
"422","A","A","C","A"
"423","A","A","A","A"
"424","A","A","A","A"
"425","A","A","A","A"
"426","A","A","A","A"
"427","A","A","A","A"
"428","A","A","A","A"
"429","A","A","A","A"
"430","A","A","D","D"
"431","A","A","B","B"
"432","A","A","A","A"
"433","A","A","A","A"
"434","A","A","C","C"
"435","A","C","C","C"
"436","A","A","A","A"
"437","A","A","A","A"
"438","A","A","A","A"
"439","A","A","A","A"
"440","A","A","A","A"
"441","A","A","C","C"
"442","A","A","C","C"
"443","A","A","C","C"
"444","A","A","C","A"
"445","A","A","C","C"
"446","A","A","C","C"
"447","A","A","C","C"
"448","A","A","C","C"
"449","A","A","A","A"
"450","A","C","C","A"
"451","A","B","A","A"
"452","A","B","A","A"
"453","A","B","A","A"
"454","A","A","B","B"
"455","A","A","E","E"
"456","A","B","B","B"
"457","A","B","B","E"
"458","A","B","B","B"
"459","A","B","B","B"
"460","A","B","D","B"
"461","B","B","D","A"
"462","B","B","D","A"
"463","A","B","A","A"
"464","A","B","C","C"
"465","A","A","A","A"
"466","A","A","A","A"
"467","A","A","A","A"
"468","A","A","A","A"
"469","A","A","A","A"
"470","A","A","A","A"
"471","A","A","A","A"
"472","A","A","A","A"
"473","A","A","A","A"
"474","A","A","A","A"
"475","A","A","A","A"
"476","A","A","A","A"
"477","A","A","A","A"
"478","A","A","A","A"
"479","A","A","A","A"
"480","A","A","A","A"
"481","A","A","A","A"
"482","A","A","A","A"
"483","A","A","A","A"
"484","A","A","A","A"
"485","A","A","A","A"
"486","A","A","A","A"
"487","A","A","A","A"
"488","A","A","A","A"
"489","A","A","A","A"
"490","A","A","A","A"
"491","A","A","A","A"
"492","A","A","A","A"
"493","A","A","A","A"
"494","A","A","A","A"
"495","A","A","A","A"
"496","A","A","A","A"
"497","A","A","A","A"
"498","A","A","A","A"
"499","A","A","A","A"
"500","A","A","A","A"
"501","A","A","A","A"
"502","A","A","A","A"
"503","A","A","A","A"
"504","A","A","A","A"
"505","A","A","A","A"
"506","A","A","A","A"
"507","A","A","A","A"
"508","A","A","A","A"
"509","A","A","A","A"
"510","A","A","A","A"
"511","A","A","A","A"
"512","A","A","A","A"
"513","A","A","A","A"
"514","A","A","A","A"
"515","A","A","A","A"
"516","A","A","A","A"
"517","A","A","A","C"
"518","A","A","A","A"
"519","A","A","A","A"
"520","A","A","A","A"
"521","A","A","A","A"
"522","A","A","A","A"
"523","A","A","A","A"
"524","A","A","A","A"
"525","A","A","A","A"
"526","A","A","A","A"
"527","A","A","A","A"
"528","A","A","A","A"
"529","A","A","A","A"
"530","A","A","A","A"
"531","A","A","A","A"
"532","A","A","A","A"
"533","A","A","A","A"
"534","A","A","A","A"
"535","A","A","A","A"
"536","A","A","A","A"
"537","A","A","A","A"
"538","A","A","A","A"
"539","A","A","A","A"
"540","A","A","A","A"
"541","A","A","A","A"
"542","A","A","A","A"
"543","A","A","A","A"
"544","A","A","A","A"
"545","A","A","A","A"
"546","A","A","A","A"
"547","A","A","A","A"
"548","A","A","A","A"
"549","A","A","A","A"
"550","A","A","A","A"
"551","A","A","A","A"
"552","A","A","A","A"
"553","A","A","A","A"
"554","A","A","A","A"
"555","A","A","A","A"
"556","A","A","A","A"
"557","A","A","A","A"
"558","A","A","A","A"
"559","A","A","A","A"
"560","A","A","A","A"
"561","A","A","A","A"
"562","A","A","A","A"
"563","A","A","A","A"
"564","A","A","A","A"
"565","A","A","A","A"
"566","A","A","A","A"
"567","A","A","A","A"
"568","A","A","A","A"
"569","A","A","A","A"
"570","A","A","A","A"
"571","A","A","A","A"
"572","A","A","A","A"
"573","A","A","A","A"
"574","A","A","A","A"
"575","A","A","A","A"
"576","A","A","A","A"
"577","A","A","A","A"
"578","A","A","A","A"
"579","A","A","A","A"
"580","A","A","A","A"
"581","A","A","A","A"
"582","A","A","A","A"
"583","A","A","A","A"
"584","A","A","A","A"
"585","A","A","A","A"
"586","A","A","A","A"
"587","A","A","A","A"
"588","A","A","A","A"
"589","A","A","A","A"
"590","A","A","A","A"
"591","A","A","A","A"
"592","A","A","A","A"
"593","A","A","A","A"
"594","A","A","A","A"
"595","A","A","A","A"
"596","A","A","A","A"
"597","A","A","A","A"
"598","A","A","A","A"
"599","A","A","A","A"
"600","A","A","A","A"
"601","A","A","D","A"
"602","A","A","A","A"
"603","A","A","A","A"
"604","A","A","A","A"
"605","A","A","A","A"
"606","A","A","A","A"
"607","A","A","A","A"
"608","A","A","A","A"
"609","A","A","A","A"
"610","A","A","A","A"
"611","A","A","A","A"
"612","A","A","A","A"
"613","A","A","A","A"
"614","A","A","A","A"
"615","A","A","A","A"
"616","A","A","A","A"
"617","A","A","B","A"
"618","A","A","B","A"
"619","A","A","B","B"
"620","A","A","A","A"
"621","A","A","A","A"
"622","A","A","A","A"
"623","A","A","A","A"
"624","A","A","A","A"
"625","A","A","A","A"
"626","A","A","A","A"
"627","A","A","A","A"
"628","A","A","A","A"
"629","A","A","A","A"
"630","A","A","A","A"
"631","A","A","D","B"
"632","A","A","A","A"
"633","A","A","D","A"
"634","A","D","D","A"
"635","A","A","A","A"
"636","A","A","A","A"
"637","A","A","A","A"
"638","A","A","A","A"
"639","A","A","A","B"
"640","A","A","A","A"
"641","A","A","A","A"
"642","A","A","A","A"
"643","A","A","D","D"
"644","A","A","D","D"
"645","A","A","D","D"
"646","A","A","D","D"
"647","A","A","A","A"
"648","A","A","A","A"
"649","A","A","A","A"
"650","A","A","D","A"
"651","A","A","A","A"
"652","A","A","D","D"
"653","A","A","D","A"
"654","A","A","D","D"
"655","A","A","A","A"
"656","A","A","A","A"
"657","A","A","A","A"
"658","A","A","D","A"
"659","A","A","A","A"
"660","A","A","D","D"
"661","A","A","A","A"
"662","A","A","A","A"
"663","A","A","A","A"
"664","A","A","A","A"
"665","A","A","A","A"
"666","A","A","A","A"
"667","A","A","A","A"
"668","A","A","A","A"
"669","A","A","A","A"
"670","A","A","A","A"
"671","A","A","A","A"
"672","A","A","A","A"
"673","A","A","A","A"
"674","A","A","A","A"
"675","A","A","A","A"
"676","A","A","A","A"
"677","A","A","A","A"
"678","A","A","A","A"
"679","A","A","A","A"
"680","A","A","A","A"
"681","A","A","A","A"
"682","A","A","A","A"
"683","A","A","A","A"
"684","A","A","A","A"
"685","A","A","A","A"
"686","A","A","A","A"
"687","A","A","A","A"
"688","A","A","A","A"
"689","A","A","A","A"
"690","A","A","A","A"
"691","A","A","A","A"
"692","A","A","A","A"
"693","A","A","A","A"
"694","A","A","A","A"
"695","A","A","A","A"
"696","A","A","A","A"
"697","A","A","A","A"
"698","A","A","A","A"
"699","A","A","A","A"
"700","A","A","A","A"
"701","A","A","A","A"
"702","A","A","A","A"
"703","A","A","A","A"
"704","A","A","A","A"
"705","A","A","A","A"
"706","A","A","A","A"
"707","A","A","A","A"
"708","A","A","A","A"
"709","A","A","A","A"
"710","A","A","A","A"
"711","A","A","A","A"
"712","A","A","A","A"
"713","A","A","A","A"
"714","A","A","A","A"
"715","A","A","A","A"
"716","A","A","A","A"
"717","A","A","A","A"
"718","A","A","A","A"
"719","A","A","A","A"
"720","A","A","A","A"
"721","A","A","A","A"
"722","A","A","A","A"
"723","A","A","A","A"
"724","A","A","A","A"
"725","A","A","A","A"
"726","A","A","A","A"
"727","A","A","A","A"
"728","A","A","A","A"
"729","A","A","A","A"
"730","A","A","A","A"
"731","A","A","A","A"
"732","A","A","A","A"
"733","A","A","A","A"
"734","A","A","A","A"
"735","A","A","A","A"
"736","A","A","A","A"
"737","A","A","A","A"
"738","A","A","A","A"
"739","A","A","A","A"
"740","A","A","A","A"
"741","A","A","A","A"
"742","A","A","A","A"
"743","A","A","A","A"
"744","A","A","A","A"
"745","A","A","A","A"
"746","A","A","A","A"
"747","A","A","A","A"
"748","A","A","A","A"
"749","A","A","A","A"
"750","A","A","A","A"
"751","A","A","A","A"
"752","A","A","A","A"
"753","A","A","A","A"
"754","A","A","A","A"
"755","A","A","A","A"
"756","A","A","A","A"
"757","A","A","A","A"
"758","A","A","A","A"
"759","A","A","A","A"
"760","A","A","A","A"
"761","A","A","A","A"
"762","A","A","A","A"
"763","A","A","A","A"
"764","A","A","D","A"
"765","A","A","A","A"
"766","A","A","A","A"
"767","A","A","A","B"
"768","A","A","A","B"
"769","A","A","A","A"
"770","A","A","A","B"
"771","A","A","A","A"
"772","A","A","A","A"
"773","A","A","A","A"
"774","A","A","A","A"
"775","A","A","A","A"
"776","A","A","A","B"
"777","A","A","A","B"
"778","A","A","B","B"
"779","A","A","B","A"
"780","A","A","D","A"
"781","A","E","A","A"
"782","A","A","D","A"
"783","A","A","E","E"
"784","A","A","A","A"
"785","A","A","A","A"
"786","A","A","A","A"
"787","A","A","A","A"
"788","A","A","A","A"
"789","A","A","A","A"
"790","A","A","A","A"
"791","A","A","A","A"
"792","A","A","B","B"
"793","A","A","A","A"
"794","A","A","A","A"
"795","A","A","A","A"
"796","A","A","A","A"
"797","A","A","A","A"
"798","A","A","A","A"
"799","A","A","A","A"
"800","A","A","A","A"
"801","A","A","A","A"
"802","A","A","A","A"
"803","A","A","A","A"
"804","A","A","D","D"
"805","A","A","D","D"
"806","A","A","A","A"
"807","A","A","A","A"
"808","A","D","A","A"
"809","A","A","A","A"
"810","A","A","A","A"
"811","A","A","A","A"
"812","A","B","A","A"
"813","A","A","A","A"
"814","A","B","A","A"
"815","A","A","A","A"
"816","A","A","D","A"
"817","A","A","A","A"
"818","A","B","A","A"
"819","A","A","A","A"
"820","A","A","A","A"
"821","A","A","A","A"
"822","A","A","A","A"
"823","A","A","A","A"
"824","A","A","A","A"
"825","A","A","A","A"
"826","A","A","A","A"
"827","A","A","A","A"
"828","A","A","A","A"
"829","A","A","A","A"
"830","A","A","A","A"
"831","A","A","A","A"
"832","A","A","A","A"
"833","A","A","A","A"
"834","A","A","A","A"
"835","A","A","A","A"
"836","A","A","A","A"
"837","A","A","A","A"
"838","A","A","A","A"
"839","A","A","A","A"
"840","A","A","A","A"
"841","A","A","A","A"
"842","A","A","A","A"
"843","A","A","A","A"
"844","A","A","A","A"
"845","A","A","A","A"
"846","A","A","A","A"
"847","A","A","A","A"
"848","A","A","A","A"
"849","A","A","A","A"
"850","A","A","A","A"
"851","A","A","B","A"
"852","A","A","B","A"
"853","A","A","A","A"
"854","A","A","A","A"
"855","A","A","A","A"
"856","A","A","A","A"
"857","A","A","A","A"
"858","A","A","D","D"
"859","A","A","D","D"
"860","A","A","A","A"
"861","A","A","A","A"
"862","A","A","A","A"
"863","A","A","A","A"
"864","A","A","A","A"
"865","A","A","A","A"
"866","A","A","A","A"
"867","A","A","C","C"
"868","A","A","A","A"
"869","A","A","A","A"
"870","A","A","A","C"
"871","A","A","A","A"
"872","A","A","A","A"
"873","A","A","A","A"
"874","A","A","A","A"
"875","A","A","A","A"
"876","A","A","A","A"
"877","A","A","A","A"
"878","A","A","A","A"
"879","A","A","A","A"
"880","A","A","A","A"
"881","A","A","A","A"
"882","A","A","A","A"
"883","A","A","A","A"
"884","A","A","A","A"
"885","A","A","A","A"
"886","A","A","A","A"
"887","A","A","A","A"
"888","A","A","A","A"
"889","A","A","A","A"
"890","A","A","A","A"
"891","A","A","A","A"
"892","A","A","A","A"
"893","A","A","A","A"
"894","A","A","A","A"
"895","A","A","A","A"
"896","A","A","A","A"
"897","A","A","A","A"
"898","A","A","A","A"
"899","A","A","A","A"
"900","A","A","A","A"
"901","A","A","A","A"
"902","A","A","A","A"
"903","A","A","A","A"
"904","A","A","A","A"
"905","A","A","A","A"
"906","A","A","A","A"
"907","A","A","A","A"
"908","A","A","A","A"
"909","A","A","A","A"
"910","A","A","A","A"
"911","A","A","A","A"
"912","A","A","A","A"
"913","A","A","A","A"
"914","A","A","A","A"
"915","A","A","A","A"
"916","A","A","A","A"
"917","A","A","A","A"
"918","A","A","A","A"
"919","A","A","A","A"
"920","A","A","A","A"
"921","A","A","A","A"
"922","A","A","A","A"
"923","A","A","A","A"
"924","A","A","A","A"
"925","A","A","A","A"
"926","A","A","A","A"
"927","A","A","A","A"
"928","A","A","A","A"
"929","A","A","A","A"
"930","A","A","A","A"
"931","A","A","A","A"
"932","A","A","A","A"
"933","A","A","A","A"
"934","A","A","A","A"
"935","A","A","A","A"
"936","A","A","A","A"
"937","A","A","A","A"
"938","A","A","A","A"
"939","A","A","A","A"
"940","A","A","A","A"
"941","A","A","A","A"
"942","A","A","A","A"
"943","A","A","A","A"
"944","A","A","A","A"
"945","A","A","A","A"
"946","A","A","A","A"
"947","A","A","A","A"
"948","A","A","A","A"
"949","A","A","A","A"
"950","A","A","A","A"
"951","A","A","A","A"
"952","A","A","A","A"
"953","A","A","A","A"
"954","A","A","A","A"
"955","A","A","A","A"
"956","A","A","A","A"
"957","A","A","A","A"
"958","A","A","A","A"
"959","A","A","A","A"
"960","A","A","A","A"
"961","A","A","A","A"
"962","A","A","A","B"
"963","A","A","A","A"
"964","A","A","A","A"
"965","A","A","A","A"
"966","A","A","A","A"
"967","A","A","A","A"
"968","A","A","A","A"
"969","A","A","A","A"
"970","A","A","A","A"
"971","A","A","A","A"
"972","A","A","A","A"
"973","A","A","A","A"
"974","A","A","A","A"
"975","A","A","A","A"
"976","A","A","A","A"
"977","A","A","A","A"
"978","A","A","A","A"
"979","A","A","A","B"
"980","A","A","A","B"
"981","A","A","A","B"
"982","A","A","B","B"
"983","A","A","A","A"
"984","A","A","A","A"
"985","A","A","A","A"
"986","A","A","A","A"
"987","A","A","A","A"
"988","A","A","A","A"
"989","A","A","A","B"
"990","A","A","A","A"
"991","A","A","A","A"
"992","A","A","A","A"
"993","A","A","A","A"
"994","A","A","A","A"
"995","A","A","A","A"
"996","A","A","A","A"
"997","A","A","A","A"
"998","A","A","A","A"
"999","A","A","A","A"
"1000","A","A","A","A"
"1001","A","A","A","A"
"1002","A","A","A","A"
"1003","A","A","A","A"
"1004","A","A","A","A"
"1005","A","A","C","A"
"1006","A","A","A","A"
"1007","A","A","A","A"
"1008","A","A","A","A"
"1009","A","A","A","A"
"1010","A","A","A","A"
"1011","A","A","A","A"
"1012","A","A","A","A"
"1013","A","A","A","A"
"1014","A","A","A","A"
"1015","A","A","A","A"
"1016","A","A","A","A"
"1017","A","A","A","A"
"1018","A","A","A","A"
"1019","A","A","A","A"
"1020","A","A","A","A"
"1021","A","A","A","A"
"1022","A","A","A","A"
"1023","A","A","A","A"
"1024","A","A","A","A"
"1025","A","A","A","A"
"1026","A","A","A","A"
"1027","A","A","A","A"
"1028","A","A","A","A"
"1029","A","A","A","A"
"1030","A","A","A","A"
"1031","A","A","A","A"
"1032","A","A","A","A"
"1033","A","A","A","A"
"1034","A","A","A","A"
"1035","A","A","A","A"
"1036","A","A","A","A"
"1037","A","A","A","A"
"1038","A","A","A","A"
"1039","A","A","A","A"
"1040","A","A","A","A"
"1041","A","A","A","A"
"1042","A","A","A","A"
"1043","A","A","A","A"
"1044","A","A","A","A"
"1045","A","A","A","A"
"1046","A","A","A","A"
"1047","A","A","A","A"
"1048","A","A","A","A"
"1049","A","A","A","A"
"1050","A","A","A","A"
"1051","A","A","A","A"
"1052","A","A","A","A"
"1053","A","A","A","C"
"1054","A","A","A","A"
"1055","A","A","A","A"
"1056","A","A","C","A"
"1057","A","A","A","A"
"1058","A","A","A","A"
"1059","A","A","A","A"
"1060","A","A","A","A"
"1061","A","A","D","D"
"1062","A","A","A","A"
"1063","A","A","A","A"
"1064","A","A","A","A"
"1065","A","A","A","A"
"1066","A","A","C","A"
"1067","A","A","A","A"
"1068","A","A","A","A"
"1069","A","A","A","A"
"1070","A","A","C","C"
"1071","A","A","A","A"
"1072","A","A","A","A"
"1073","A","A","A","A"
"1074","A","A","A","A"
"1075","A","A","A","A"
"1076","A","A","A","A"
"1077","A","A","A","A"
"1078","A","A","A","A"
"1079","A","A","A","A"
"1080","A","A","A","A"
"1081","A","A","A","A"
"1082","A","A","A","A"
"1083","A","A","A","A"
"1084","A","A","A","A"
"1085","A","A","A","A"
"1086","A","A","A","A"
"1087","A","A","A","A"
"1088","A","A","A","A"
"1089","A","A","A","A"
"1090","A","A","A","A"
"1091","A","A","A","A"
"1092","A","A","A","A"
"1093","A","A","A","A"
"1094","A","A","D","D"
"1095","A","A","A","A"
"1096","A","A","A","A"
"1097","A","A","D","D"
"1098","A","A","D","D"
"1099","A","A","A","D"
"1100","A","A","A","A"
"1101","A","A","A","A"
"1102","A","A","D","C"
"1103","A","A","A","A"
"1104","A","A","A","A"
"1105","A","A","B","B"
"1106","A","A","C","C"
"1107","A","A","C","A"
"1108","A","A","C","C"
"1109","A","A","A","A"
"1110","A","A","A","A"
"1111","A","A","A","A"
"1112","A","A","A","A"
"1113","A","A","A","B"
"1114","A","A","B","B"
"1115","A","A","B","B"
"1116","A","A","A","A"
"1117","B","A","A","A"
"1118","B","B","A","A"
"1119","B","A","A","A"
"1120","B","A","A","A"
"1121","B","B","A","A"
"1122","B","B","A","A"
"1123","B","B","A","A"
"1124","B","B","A","A"
"1125","B","A","A","A"
"1126","B","B","E","D"
"1127","B","B","B","B"
"1128","B","B","B","B"
"1129","B","B","A","A"
"1130","B","B","B","B"
"1131","B","B","B","B"
"1132","B","B","B","B"
"1133","B","B","C","A"
"1134","B","B","B","B"
"1135","B","B","B","B"
"1136","B","B","C","C"
"1137","B","B","B","B"
"1138","B","B","B","B"
"1139","B","B","B","B"
"1140","B","B","C","C"
"1141","B","B","A","A"
"1142","B","B","B","A"
"1143","B","B","B","B"
"1144","B","B","B","B"
"1145","B","B","B","B"
"1146","B","B","C","C"
"1147","B","B","B","B"
"1148","B","B","B","B"
"1149","B","B","B","B"
"1150","B","B","B","B"
"1151","B","B","B","B"
"1152","B","B","B","B"
"1153","B","B","B","B"
"1154","B","B","B","B"
"1155","B","B","B","B"
"1156","B","B","B","B"
"1157","B","B","B","B"
"1158","B","B","B","B"
"1159","B","B","B","B"
"1160","B","B","C","C"
"1161","B","B","D","C"
"1162","B","B","B","B"
"1163","B","B","B","B"
"1164","B","B","B","B"
"1165","B","B","B","B"
"1166","B","B","B","B"
"1167","B","B","B","B"
"1168","B","B","B","B"
"1169","B","B","B","B"
"1170","B","B","B","B"
"1171","B","B","C","C"
"1172","B","B","B","B"
"1173","B","B","B","B"
"1174","B","B","B","B"
"1175","B","B","B","B"
"1176","B","B","B","B"
"1177","B","B","B","B"
"1178","B","B","B","B"
"1179","B","B","B","B"
"1180","B","B","B","B"
"1181","B","B","B","B"
"1182","B","B","A","B"
"1183","B","B","B","B"
"1184","B","B","B","B"
"1185","B","B","B","B"
"1186","B","B","B","B"
"1187","B","B","B","B"
"1188","B","B","B","B"
"1189","B","B","B","B"
"1190","B","B","B","B"
"1191","B","B","B","B"
"1192","B","B","B","B"
"1193","B","B","B","B"
"1194","B","B","B","B"
"1195","B","B","B","B"
"1196","B","B","B","B"
"1197","B","B","B","B"
"1198","B","B","B","B"
"1199","B","B","B","B"
"1200","B","B","B","B"
"1201","B","B","B","B"
"1202","B","B","B","B"
"1203","B","B","A","B"
"1204","B","B","A","B"
"1205","B","B","A","A"
"1206","C","C","A","A"
"1207","A","B","E","E"
"1208","B","B","B","B"
"1209","B","B","B","B"
"1210","B","B","B","B"
"1211","B","B","D","B"
"1212","B","B","B","B"
"1213","B","B","B","B"
"1214","B","B","B","B"
"1215","B","B","B","B"
"1216","B","B","B","B"
"1217","B","B","B","B"
"1218","B","B","B","B"
"1219","B","B","B","B"
"1220","B","B","B","B"
"1221","B","B","B","B"
"1222","B","B","B","B"
"1223","B","B","B","B"
"1224","B","B","A","A"
"1225","B","C","C","C"
"1226","B","B","B","B"
"1227","B","B","B","B"
"1228","B","B","E","E"
"1229","B","B","E","E"
"1230","B","B","E","E"
"1231","B","B","B","B"
"1232","B","B","B","B"
"1233","B","B","B","B"
"1234","B","B","B","B"
"1235","B","B","B","B"
"1236","B","B","B","B"
"1237","B","B","B","B"
"1238","B","B","E","E"
"1239","B","B","E","E"
"1240","B","B","E","E"
"1241","B","B","B","B"
"1242","B","B","B","B"
"1243","B","B","B","B"
"1244","B","B","A","A"
"1245","B","C","C","C"
"1246","B","C","C","C"
"1247","B","B","B","B"
"1248","B","B","B","B"
"1249","B","B","B","B"
"1250","B","B","B","B"
"1251","B","B","B","B"
"1252","B","B","B","B"
"1253","B","B","B","B"
"1254","B","B","B","C"
"1255","B","C","B","B"
"1256","B","B","B","B"
"1257","B","B","C","C"
"1258","B","B","C","B"
"1259","B","B","A","A"
"1260","B","B","A","A"
"1261","B","B","D","B"
"1262","B","B","B","B"
"1263","B","B","B","B"
"1264","B","B","B","B"
"1265","B","B","B","B"
"1266","B","B","B","B"
"1267","B","B","B","B"
"1268","B","B","B","B"
"1269","B","B","A","A"
"1270","B","B","B","B"
"1271","B","B","B","B"
"1272","B","B","B","B"
"1273","B","B","B","B"
"1274","B","B","B","B"
"1275","B","B","B","B"
"1276","B","B","D","B"
"1277","B","B","D","B"
"1278","B","B","B","B"
"1279","B","B","B","B"
"1280","B","B","B","B"
"1281","B","B","E","E"
"1282","B","B","B","B"
"1283","B","B","E","B"
"1284","B","B","B","B"
"1285","B","B","B","B"
"1286","B","B","E","E"
"1287","B","B","B","E"
"1288","B","B","B","B"
"1289","B","B","B","B"
"1290","B","B","E","E"
"1291","B","B","E","E"
"1292","B","B","E","E"
"1293","B","B","B","B"
"1294","B","B","B","B"
"1295","B","B","B","B"
"1296","B","B","E","E"
"1297","B","B","E","E"
"1298","B","B","E","E"
"1299","B","B","E","E"
"1300","B","B","B","B"
"1301","B","A","A","A"
"1302","B","A","A","A"
"1303","B","A","A","A"
"1304","B","A","A","B"
"1305","B","A","B","B"
"1306","B","B","B","B"
"1307","B","B","B","B"
"1308","B","B","B","B"
"1309","B","B","B","B"
"1310","B","B","C","C"
"1311","B","A","C","A"
"1312","B","A","A","A"
"1313","B","A","A","A"
"1314","B","A","C","C"
"1315","B","B","B","B"
"1316","B","B","B","B"
"1317","B","B","B","B"
"1318","B","B","D","D"
"1319","B","B","B","B"
"1320","B","B","B","B"
"1321","B","B","E","E"
"1322","B","B","E","E"
"1323","B","B","A","A"
"1324","B","B","A","A"
"1325","B","B","C","C"
"1326","B","B","C","C"
"1327","B","B","C","C"
"1328","B","B","B","B"
"1329","B","B","B","B"
"1330","B","B","E","E"
"1331","B","B","D","E"
"1332","B","B","D","D"
"1333","B","B","C","C"
"1334","B","B","C","C"
"1335","B","C","C","C"
"1336","B","B","D","B"
"1337","B","B","D","B"
"1338","B","B","B","B"
"1339","B","B","B","B"
"1340","B","B","B","B"
"1341","B","B","B","B"
"1342","B","B","B","B"
"1343","B","B","B","B"
"1344","B","B","D","B"
"1345","B","B","B","B"
"1346","B","B","B","B"
"1347","B","B","B","B"
"1348","B","B","B","B"
"1349","B","B","B","B"
"1350","B","B","C","B"
"1351","B","B","B","B"
"1352","B","B","B","B"
"1353","B","B","B","B"
"1354","B","B","B","B"
"1355","B","B","B","B"
"1356","B","B","B","B"
"1357","B","B","B","B"
"1358","B","B","B","B"
"1359","B","B","B","B"
"1360","B","B","B","B"
"1361","B","B","B","B"
"1362","B","B","B","B"
"1363","B","B","B","B"
"1364","B","B","B","B"
"1365","B","B","B","B"
"1366","B","B","B","B"
"1367","B","B","B","B"
"1368","B","B","B","B"
"1369","B","B","B","B"
"1370","B","B","D","B"
"1371","B","B","C","B"
"1372","B","B","B","B"
"1373","B","B","E","E"
"1374","B","B","B","E"
"1375","B","B","B","B"
"1376","B","B","B","B"
"1377","B","B","B","B"
"1378","B","B","E","E"
"1379","B","B","E","E"
"1380","B","B","E","E"
"1381","B","B","E","E"
"1382","B","B","C","C"
"1383","B","B","C","C"
"1384","B","B","B","E"
"1385","B","B","B","D"
"1386","B","B","E","E"
"1387","B","B","E","E"
"1388","B","B","E","E"
"1389","B","B","E","E"
"1390","B","B","E","E"
"1391","B","B","E","E"
"1392","B","B","E","E"
"1393","B","B","C","C"
"1394","B","B","A","A"
"1395","B","B","A","A"
"1396","B","B","A","A"
"1397","B","B","A","A"
"1398","B","B","A","A"
"1399","B","A","A","A"
"1400","B","B","A","A"
"1401","B","A","A","A"
"1402","B","B","A","B"
"1403","B","B","B","B"
"1404","B","B","B","B"
"1405","B","B","B","B"
"1406","B","B","E","E"
"1407","B","B","E","E"
"1408","B","B","A","E"
"1409","B","B","A","A"
"1410","B","B","A","A"
"1411","B","B","A","A"
"1412","B","B","B","B"
"1413","B","B","B","B"
"1414","B","B","B","B"
"1415","B","B","B","B"
"1416","B","B","B","B"
"1417","B","B","B","B"
"1418","B","B","B","B"
"1419","B","B","B","B"
"1420","B","B","B","B"
"1421","B","B","A","A"
"1422","B","B","A","A"
"1423","B","C","A","A"
"1424","B","B","B","B"
"1425","B","B","B","B"
"1426","B","B","B","B"
"1427","B","B","B","B"
"1428","B","C","C","A"
"1429","B","B","B","B"
"1430","B","B","E","E"
"1431","B","B","B","B"
"1432","B","B","B","B"
"1433","B","B","B","B"
"1434","B","B","B","B"
"1435","B","B","B","B"
"1436","B","B","B","B"
"1437","B","B","E","E"
"1438","B","B","E","E"
"1439","B","B","E","E"
"1440","B","B","B","B"
"1441","B","B","B","B"
"1442","B","B","B","B"
"1443","B","B","B","B"
"1444","B","B","B","B"
"1445","B","B","B","B"
"1446","B","B","E","E"
"1447","B","B","A","A"
"1448","B","B","B","B"
"1449","B","B","B","B"
"1450","B","B","E","E"
"1451","B","B","E","E"
"1452","B","B","B","E"
"1453","B","B","E","B"
"1454","B","B","E","E"
"1455","B","B","E","E"
"1456","B","B","E","E"
"1457","B","B","E","E"
"1458","B","B","E","E"
"1459","B","B","B","B"
"1460","B","B","E","E"
"1461","B","B","B","E"
"1462","B","B","B","B"
"1463","B","B","B","B"
"1464","B","B","B","B"
"1465","B","B","E","E"
"1466","B","B","C","D"
"1467","B","B","A","A"
"1468","B","B","A","A"
"1469","B","B","B","B"
"1470","B","B","B","B"
"1471","B","B","B","B"
"1472","B","B","A","B"
"1473","B","B","B","B"
"1474","B","B","C","C"
"1475","B","B","B","B"
"1476","B","B","B","B"
"1477","B","B","B","B"
"1478","B","B","B","B"
"1479","B","B","B","B"
"1480","B","B","B","B"
"1481","B","B","B","B"
"1482","B","B","A","D"
"1483","B","B","D","D"
"1484","B","B","C","C"
"1485","B","B","C","C"
"1486","B","B","C","C"
"1487","B","B","B","B"
"1488","B","B","B","B"
"1489","B","B","B","B"
"1490","B","B","B","B"
"1491","B","B","B","B"
"1492","B","B","A","B"
"1493","B","B","C","C"
"1494","B","B","C","C"
"1495","B","B","B","B"
"1496","B","B","B","B"
"1497","B","B","B","B"
"1498","B","B","B","B"
"1499","B","B","B","B"
"1500","B","B","B","B"
"1501","B","B","A","B"
"1502","B","B","C","C"
"1503","B","B","C","C"
"1504","B","B","C","C"
"1505","B","B","C","C"
"1506","B","B","B","B"
"1507","B","B","B","B"
"1508","B","B","B","B"
"1509","B","B","B","B"
"1510","B","B","C","C"
"1511","B","B","B","B"
"1512","B","B","B","B"
"1513","B","B","B","B"
"1514","B","B","B","B"
"1515","B","B","C","C"
"1516","B","B","C","C"
"1517","B","B","C","C"
"1518","B","B","C","C"
"1519","B","B","B","B"
"1520","B","B","B","B"
"1521","B","B","B","B"
"1522","B","B","B","B"
"1523","B","B","B","B"
"1524","B","B","B","B"
"1525","B","B","B","B"
"1526","B","B","B","B"
"1527","B","B","B","B"
"1528","B","B","B","B"
"1529","B","B","A","B"
"1530","B","B","A","B"
"1531","B","B","B","B"
"1532","B","B","C","C"
"1533","B","B","C","C"
"1534","B","B","C","C"
"1535","B","B","B","D"
"1536","B","B","B","D"
"1537","B","B","B","B"
"1538","B","B","B","B"
"1539","B","B","B","B"
"1540","B","B","B","B"
"1541","B","B","B","B"
"1542","B","B","B","B"
"1543","B","B","B","B"
"1544","B","B","B","B"
"1545","B","B","B","B"
"1546","B","B","A","A"
"1547","B","D","A","A"
"1548","B","A","A","A"
"1549","B","B","A","B"
"1550","B","C","B","B"
"1551","B","B","B","B"
"1552","B","C","B","B"
"1553","B","B","C","B"
"1554","B","B","B","B"
"1555","B","B","B","B"
"1556","B","B","B","B"
"1557","B","B","D","B"
"1558","B","B","B","B"
"1559","B","B","B","B"
"1560","B","B","B","B"
"1561","B","B","B","B"
"1562","B","B","B","B"
"1563","B","B","B","B"
"1564","B","B","B","B"
"1565","B","B","C","C"
"1566","B","B","D","D"
"1567","B","B","B","B"
"1568","B","B","B","B"
"1569","B","B","B","B"
"1570","B","B","B","B"
"1571","B","B","B","B"
"1572","B","B","B","B"
"1573","B","B","B","B"
"1574","B","B","B","B"
"1575","B","B","B","B"
"1576","B","B","B","B"
"1577","B","B","B","B"
"1578","B","B","B","B"
"1579","B","B","B","B"
"1580","B","B","B","B"
"1581","B","B","A","A"
"1582","B","B","B","B"
"1583","B","B","A","A"
"1584","B","B","A","A"
"1585","B","B","A","A"
"1586","B","B","A","A"
"1587","B","B","A","A"
"1588","A","A","A","A"
"1589","A","A","A","A"
"1590","A","A","A","A"
"1591","A","A","A","A"
"1592","B","B","A","A"
"1593","B","B","A","A"
"1594","B","B","A","A"
"1595","B","B","A","A"
"1596","B","B","B","B"
"1597","B","B","A","A"
"1598","B","B","B","B"
"1599","B","B","A","A"
"1600","B","B","A","A"
"1601","B","B","A","A"
"1602","B","B","A","A"
"1603","B","B","A","A"
"1604","B","A","A","A"
"1605","B","A","A","A"
"1606","B","B","A","A"
"1607","B","B","A","A"
"1608","B","B","A","B"
"1609","B","B","A","B"
"1610","B","B","B","B"
"1611","B","B","B","B"
"1612","B","A","B","B"
"1613","B","B","A","B"
"1614","B","B","B","B"
"1615","B","B","B","B"
"1616","B","B","B","B"
"1617","B","B","B","B"
"1618","B","B","B","B"
"1619","B","B","B","B"
"1620","B","B","B","B"
"1621","B","B","B","B"
"1622","B","B","B","B"
"1623","B","B","B","B"
"1624","B","B","D","D"
"1625","B","B","B","B"
"1626","B","B","B","B"
"1627","B","B","B","D"
"1628","B","B","B","B"
"1629","B","B","A","B"
"1630","B","B","B","B"
"1631","B","B","B","B"
"1632","B","B","B","B"
"1633","B","B","B","B"
"1634","B","B","B","B"
"1635","B","B","B","B"
"1636","B","B","B","B"
"1637","B","B","B","B"
"1638","B","B","B","B"
"1639","B","B","B","B"
"1640","B","B","B","B"
"1641","B","B","B","B"
"1642","B","B","B","B"
"1643","B","B","B","B"
"1644","B","B","B","B"
"1645","B","B","B","B"
"1646","B","B","B","B"
"1647","B","B","B","B"
"1648","B","B","B","E"
"1649","B","B","B","B"
"1650","B","B","B","B"
"1651","B","B","B","B"
"1652","B","B","B","B"
"1653","B","B","B","B"
"1654","B","B","B","B"
"1655","B","B","B","B"
"1656","B","B","B","B"
"1657","B","B","B","E"
"1658","B","B","B","B"
"1659","B","B","B","B"
"1660","B","B","B","B"
"1661","B","B","B","B"
"1662","B","B","B","B"
"1663","B","B","B","B"
"1664","B","B","B","B"
"1665","B","B","B","B"
"1666","B","B","B","B"
"1667","B","B","B","B"
"1668","B","B","B","B"
"1669","B","B","B","B"
"1670","B","B","B","B"
"1671","B","B","B","B"
"1672","B","B","B","B"
"1673","B","B","B","B"
"1674","B","B","B","B"
"1675","B","B","B","B"
"1676","B","B","B","B"
"1677","B","B","B","B"
"1678","B","B","B","B"
"1679","B","B","B","B"
"1680","B","B","B","B"
"1681","B","B","B","B"
"1682","B","B","B","B"
"1683","B","B","B","B"
"1684","B","B","B","B"
"1685","B","B","B","B"
"1686","B","B","B","B"
"1687","B","B","B","B"
"1688","B","B","B","B"
"1689","B","B","E","E"
"1690","B","B","B","B"
"1691","B","B","B","B"
"1692","B","B","B","B"
"1693","B","B","B","B"
"1694","B","B","B","B"
"1695","B","B","B","B"
"1696","B","B","B","B"
"1697","B","B","B","B"
"1698","B","B","B","B"
"1699","B","B","B","B"
"1700","B","B","B","B"
"1701","B","B","B","B"
"1702","B","B","B","B"
"1703","B","B","B","B"
"1704","B","B","B","B"
"1705","B","B","B","B"
"1706","B","B","B","B"
"1707","B","B","B","B"
"1708","B","B","B","B"
"1709","B","B","B","B"
"1710","B","B","B","B"
"1711","B","B","B","B"
"1712","B","B","B","B"
"1713","B","B","B","B"
"1714","B","B","B","B"
"1715","B","B","B","B"
"1716","B","B","B","B"
"1717","B","B","B","B"
"1718","B","B","B","B"
"1719","B","B","B","B"
"1720","B","B","B","B"
"1721","B","B","B","B"
"1722","B","B","B","B"
"1723","B","B","B","B"
"1724","B","C","B","B"
"1725","B","B","C","B"
"1726","B","B","B","B"
"1727","B","C","B","B"
"1728","B","C","C","C"
"1729","B","B","B","C"
"1730","B","B","B","B"
"1731","B","B","B","B"
"1732","B","B","B","B"
"1733","B","B","B","B"
"1734","B","B","B","B"
"1735","B","B","B","B"
"1736","B","B","B","B"
"1737","B","B","B","B"
"1738","B","B","B","B"
"1739","B","B","B","B"
"1740","B","B","B","B"
"1741","B","B","B","B"
"1742","B","A","A","A"
"1743","B","B","A","A"
"1744","B","B","A","A"
"1745","B","B","A","A"
"1746","B","B","A","A"
"1747","B","B","A","A"
"1748","B","B","A","A"
"1749","B","B","A","A"
"1750","B","B","A","A"
"1751","B","B","A","A"
"1752","B","B","A","C"
"1753","B","B","C","C"
"1754","B","B","D","D"
"1755","B","B","D","D"
"1756","B","B","D","D"
"1757","B","B","D","D"
"1758","B","B","D","D"
"1759","B","B","D","D"
"1760","B","B","B","E"
"1761","B","B","A","B"
"1762","B","B","B","B"
"1763","B","B","B","B"
"1764","B","B","B","B"
"1765","B","B","B","B"
"1766","B","B","B","B"
"1767","B","B","B","B"
"1768","B","B","B","B"
"1769","B","B","B","B"
"1770","B","B","B","B"
"1771","B","B","A","A"
"1772","B","B","A","A"
"1773","B","B","B","B"
"1774","B","B","B","B"
"1775","B","B","E","E"
"1776","B","B","B","B"
"1777","B","B","E","E"
"1778","B","B","E","B"
"1779","B","B","B","B"
"1780","B","B","B","B"
"1781","B","B","B","B"
"1782","B","B","B","B"
"1783","B","E","B","B"
"1784","B","E","B","B"
"1785","B","B","B","B"
"1786","B","B","B","E"
"1787","B","B","B","B"
"1788","B","B","E","E"
"1789","B","B","E","E"
"1790","B","B","E","E"
"1791","B","C","C","C"
"1792","B","B","A","A"
"1793","B","B","B","B"
"1794","B","B","A","A"
"1795","B","B","A","A"
"1796","B","B","A","A"
"1797","B","B","A","A"
"1798","B","A","A","A"
"1799","B","B","A","A"
"1800","B","B","A","A"
"1801","B","B","B","B"
"1802","B","B","B","B"
"1803","B","B","B","B"
"1804","B","B","B","B"
"1805","B","B","B","B"
"1806","B","B","B","B"
"1807","B","B","B","B"
"1808","B","B","B","B"
"1809","B","B","B","B"
"1810","B","B","B","B"
"1811","B","B","B","B"
"1812","B","B","D","D"
"1813","B","B","B","B"
"1814","B","B","B","B"
"1815","B","B","B","B"
"1816","B","A","B","B"
"1817","B","B","B","B"
"1818","B","B","C","C"
"1819","B","B","C","C"
"1820","B","B","A","A"
"1821","B","B","B","B"
"1822","B","B","A","A"
"1823","B","B","A","A"
"1824","B","B","B","B"
"1825","B","B","B","B"
"1826","B","B","B","B"
"1827","B","B","B","B"
"1828","B","B","B","B"
"1829","B","B","B","B"
"1830","B","B","B","B"
"1831","B","B","B","B"
"1832","B","B","B","B"
"1833","B","B","B","B"
"1834","B","B","B","B"
"1835","B","B","B","B"
"1836","B","B","A","A"
"1837","B","B","A","A"
"1838","B","B","A","A"
"1839","B","B","C","C"
"1840","B","B","C","A"
"1841","B","B","A","A"
"1842","B","B","C","C"
"1843","B","B","B","B"
"1844","B","B","B","B"
"1845","B","B","E","E"
"1846","B","B","B","B"
"1847","B","B","E","E"
"1848","B","B","E","E"
"1849","B","B","E","E"
"1850","B","B","E","E"
"1851","B","B","B","B"
"1852","B","B","B","B"
"1853","B","B","B","E"
"1854","B","B","B","B"
"1855","B","B","B","B"
"1856","B","B","B","B"
"1857","B","B","B","B"
"1858","B","B","B","B"
"1859","B","B","B","B"
"1860","B","B","B","B"
"1861","B","B","B","B"
"1862","B","B","B","B"
"1863","B","B","B","B"
"1864","B","B","B","B"
"1865","B","B","B","B"
"1866","B","B","B","B"
"1867","B","B","B","B"
"1868","B","B","B","B"
"1869","B","B","B","B"
"1870","B","B","B","B"
"1871","B","B","B","B"
"1872","B","B","B","B"
"1873","B","B","E","E"
"1874","B","B","A","A"
"1875","B","B","A","A"
"1876","C","B","B","B"
"1877","C","C","C","C"
"1878","C","C","C","B"
"1879","C","C","B","B"
"1880","C","C","B","B"
"1881","C","C","B","B"
"1882","C","C","B","B"
"1883","C","B","A","A"
"1884","C","C","A","A"
"1885","C","C","A","A"
"1886","C","C","C","C"
"1887","C","C","A","A"
"1888","C","C","C","C"
"1889","C","C","C","C"
"1890","C","C","C","C"
"1891","C","C","C","C"
"1892","C","C","C","C"
"1893","C","C","C","C"
"1894","C","C","C","C"
"1895","C","C","C","C"
"1896","C","C","C","C"
"1897","C","C","B","B"
"1898","C","C","A","A"
"1899","C","C","A","A"
"1900","C","C","C","C"
"1901","C","C","C","C"
"1902","C","C","C","C"
"1903","C","C","C","C"
"1904","C","C","C","C"
"1905","C","C","D","D"
"1906","C","C","C","C"
"1907","C","C","C","C"
"1908","C","C","C","C"
"1909","C","C","A","A"
"1910","C","C","A","A"
"1911","C","C","A","A"
"1912","C","C","A","A"
"1913","C","C","A","A"
"1914","C","C","A","C"
"1915","C","C","C","C"
"1916","C","C","C","C"
"1917","C","C","A","A"
"1918","C","C","A","C"
"1919","C","C","A","C"
"1920","C","C","C","C"
"1921","C","C","C","C"
"1922","C","C","C","C"
"1923","C","C","C","C"
"1924","C","C","C","C"
"1925","C","C","A","C"
"1926","C","C","A","A"
"1927","C","C","A","A"
"1928","C","C","C","C"
"1929","C","C","C","C"
"1930","C","C","C","C"
"1931","C","C","C","C"
"1932","C","C","B","B"
"1933","C","C","C","C"
"1934","C","C","A","A"
"1935","C","C","A","A"
"1936","C","C","C","C"
"1937","C","C","C","C"
"1938","C","C","C","C"
"1939","C","C","C","C"
"1940","C","C","C","C"
"1941","C","C","C","C"
"1942","C","C","C","C"
"1943","C","C","C","C"
"1944","C","C","C","C"
"1945","C","C","C","C"
"1946","C","C","C","C"
"1947","C","C","C","C"
"1948","C","C","C","C"
"1949","C","C","C","C"
"1950","C","C","C","C"
"1951","C","C","C","C"
"1952","C","C","B","B"
"1953","C","C","C","C"
"1954","C","C","C","C"
"1955","C","C","C","C"
"1956","C","C","B","B"
"1957","C","C","B","B"
"1958","C","C","C","C"
"1959","C","C","B","B"
"1960","C","C","B","B"
"1961","C","C","B","B"
"1962","C","C","C","C"
"1963","C","C","C","C"
"1964","C","C","C","C"
"1965","C","C","D","D"
"1966","C","C","D","D"
"1967","C","C","D","D"
"1968","C","C","D","D"
"1969","C","C","D","D"
"1970","C","C","C","C"
"1971","C","C","C","C"
"1972","C","C","C","C"
"1973","C","C","D","C"
"1974","C","C","C","C"
"1975","C","C","A","A"
"1976","C","C","A","A"
"1977","C","C","C","C"
"1978","C","C","D","C"
"1979","C","C","C","C"
"1980","C","C","D","D"
"1981","C","C","D","D"
"1982","C","C","D","D"
"1983","C","C","D","D"
"1984","C","C","D","C"
"1985","C","C","C","C"
"1986","C","C","C","C"
"1987","C","C","C","C"
"1988","C","C","C","C"
"1989","C","C","C","C"
"1990","C","C","C","C"
"1991","C","C","C","C"
"1992","C","C","D","D"
"1993","C","C","D","D"
"1994","C","C","D","C"
"1995","C","C","C","C"
"1996","C","C","C","C"
"1997","C","C","C","C"
"1998","C","C","D","C"
"1999","C","C","D","C"
"2000","C","C","C","C"
"2001","C","C","C","C"
"2002","C","C","D","C"
"2003","C","C","D","D"
"2004","C","C","D","D"
"2005","C","C","D","D"
"2006","C","C","A","A"
"2007","C","C","A","A"
"2008","C","C","D","A"
"2009","C","B","E","E"
"2010","C","B","E","E"
"2011","C","C","E","E"
"2012","C","C","E","E"
"2013","C","C","C","C"
"2014","C","C","E","E"
"2015","C","C","E","E"
"2016","C","C","E","E"
"2017","C","C","C","C"
"2018","C","C","C","C"
"2019","C","C","C","C"
"2020","C","C","C","C"
"2021","C","C","C","C"
"2022","C","C","C","C"
"2023","C","C","E","E"
"2024","C","C","E","E"
"2025","C","C","E","E"
"2026","C","C","E","E"
"2027","C","C","C","C"
"2028","C","C","C","C"
"2029","C","C","C","C"
"2030","C","C","C","C"
"2031","C","C","C","C"
"2032","C","C","E","E"
"2033","C","C","C","C"
"2034","C","C","C","C"
"2035","C","C","C","C"
"2036","C","C","C","C"
"2037","C","C","C","C"
"2038","C","C","C","D"
"2039","C","C","C","C"
"2040","C","C","C","C"
"2041","C","C","C","C"
"2042","C","C","C","C"
"2043","C","C","C","C"
"2044","C","C","C","C"
"2045","C","C","C","C"
"2046","C","C","C","C"
"2047","C","C","C","C"
"2048","C","C","C","C"
"2049","C","C","C","C"
"2050","C","C","C","C"
"2051","C","C","C","C"
"2052","C","C","C","C"
"2053","C","C","C","C"
"2054","C","C","C","C"
"2055","C","C","C","C"
"2056","C","C","C","C"
"2057","C","C","C","C"
"2058","C","C","C","C"
"2059","C","C","C","C"
"2060","C","C","C","C"
"2061","C","C","C","C"
"2062","C","C","C","C"
"2063","C","C","C","C"
"2064","C","C","D","D"
"2065","C","C","D","D"
"2066","C","C","C","C"
"2067","C","C","C","C"
"2068","C","C","C","C"
"2069","C","C","C","C"
"2070","C","C","C","C"
"2071","C","C","C","C"
"2072","C","C","C","C"
"2073","C","C","C","C"
"2074","C","C","C","C"
"2075","C","C","C","C"
"2076","C","C","C","C"
"2077","C","C","C","C"
"2078","C","C","C","C"
"2079","C","C","C","C"
"2080","C","C","C","C"
"2081","C","C","C","C"
"2082","C","C","C","C"
"2083","C","C","C","C"
"2084","C","C","C","C"
"2085","C","C","C","C"
"2086","C","C","C","C"
"2087","C","C","C","C"
"2088","C","C","C","C"
"2089","C","C","C","C"
"2090","C","C","D","D"
"2091","D","C","D","D"
"2092","C","C","C","C"
"2093","C","C","C","C"
"2094","C","C","C","D"
"2095","C","C","C","C"
"2096","C","C","C","D"
"2097","C","C","C","C"
"2098","C","C","C","C"
"2099","C","B","E","E"
"2100","B","B","B","B"
"2101","C","B","B","B"
"2102","C","C","B","B"
"2103","C","C","C","E"
"2104","C","C","C","C"
"2105","C","C","C","C"
"2106","C","C","C","C"
"2107","C","C","C","C"
"2108","C","C","C","C"
"2109","C","C","C","C"
"2110","C","C","E","C"
"2111","C","C","E","E"
"2112","C","C","E","E"
"2113","C","C","E","E"
"2114","C","C","C","C"
"2115","C","C","C","C"
"2116","C","C","C","C"
"2117","C","C","C","C"
"2118","C","C","C","C"
"2119","C","C","C","C"
"2120","C","C","C","C"
"2121","C","C","C","C"
"2122","C","C","C","C"
"2123","C","C","C","C"
"2124","C","C","A","A"
"2125","C","C","A","A"
"2126","C","C","C","C"
"2127","C","C","D","D"
"2128","C","C","E","E"
"2129","C","C","C","C"
"2130","C","C","C","C"
"2131","C","C","C","C"
"2132","C","C","C","C"
"2133","C","C","C","C"
"2134","C","C","C","C"
"2135","C","C","C","C"
"2136","C","C","C","C"
"2137","C","C","C","C"
"2138","C","C","C","C"
"2139","C","C","C","C"
"2140","C","C","C","C"
"2141","C","C","A","A"
"2142","C","C","C","C"
"2143","C","C","C","C"
"2144","C","C","C","C"
"2145","C","C","C","C"
"2146","C","C","C","C"
"2147","C","C","C","C"
"2148","C","C","C","C"
"2149","C","C","C","C"
"2150","C","C","C","C"
"2151","C","C","C","C"
"2152","C","C","C","C"
"2153","C","C","A","A"
"2154","C","C","C","E"
"2155","C","C","E","E"
"2156","C","C","C","C"
"2157","C","C","C","C"
"2158","C","C","C","C"
"2159","C","C","C","C"
"2160","C","C","A","A"
"2161","C","C","B","B"
"2162","C","C","A","C"
"2163","C","C","A","E"
"2164","C","C","C","C"
"2165","C","D","D","D"
"2166","C","C","C","C"
"2167","C","C","C","C"
"2168","C","C","C","C"
"2169","C","C","A","A"
"2170","C","C","A","A"
"2171","C","C","A","A"
"2172","C","C","A","A"
"2173","C","C","A","A"
"2174","C","C","C","C"
"2175","C","C","C","C"
"2176","C","C","C","C"
"2177","C","C","C","C"
"2178","C","C","A","A"
"2179","C","C","A","A"
"2180","C","C","A","A"
"2181","C","C","A","A"
"2182","C","C","C","C"
"2183","C","C","C","C"
"2184","C","C","C","C"
"2185","C","D","C","B"
"2186","D","D","D","D"
"2187","C","C","E","E"
"2188","C","C","A","E"
"2189","C","C","A","E"
"2190","C","C","C","E"
"2191","C","C","C","C"
"2192","C","C","C","C"
"2193","C","C","C","C"
"2194","C","C","B","B"
"2195","C","C","D","C"
"2196","C","C","C","C"
"2197","C","C","C","C"
"2198","C","C","C","C"
"2199","C","C","C","C"
"2200","C","C","C","C"
"2201","C","C","C","C"
"2202","C","C","C","C"
"2203","C","C","C","C"
"2204","C","C","C","C"
"2205","C","C","C","C"
"2206","C","C","A","A"
"2207","C","C","A","A"
"2208","C","C","E","E"
"2209","C","C","C","C"
"2210","C","E","A","A"
"2211","C","C","A","A"
"2212","C","C","A","A"
"2213","C","C","C","C"
"2214","C","C","C","C"
"2215","C","C","C","C"
"2216","C","C","C","C"
"2217","C","C","C","C"
"2218","C","C","C","C"
"2219","C","C","C","C"
"2220","C","B","B","B"
"2221","C","B","B","B"
"2222","C","C","B","B"
"2223","C","C","B","B"
"2224","C","B","A","B"
"2225","C","C","A","A"
"2226","C","C","B","B"
"2227","C","C","B","B"
"2228","C","C","B","B"
"2229","C","C","B","B"
"2230","C","C","B","B"
"2231","C","C","B","B"
"2232","C","C","B","B"
"2233","C","C","B","B"
"2234","C","C","B","B"
"2235","C","C","B","B"
"2236","C","C","B","B"
"2237","C","C","B","B"
"2238","C","C","B","B"
"2239","C","C","B","B"
"2240","C","C","C","C"
"2241","C","C","C","C"
"2242","C","C","C","C"
"2243","C","C","C","C"
"2244","C","C","C","C"
"2245","C","C","B","B"
"2246","C","C","C","C"
"2247","C","C","A","B"
"2248","C","C","A","A"
"2249","C","C","A","C"
"2250","C","C","C","C"
"2251","C","C","C","C"
"2252","C","C","C","C"
"2253","C","C","A","A"
"2254","C","C","C","C"
"2255","C","C","C","C"
"2256","C","C","C","C"
"2257","C","C","C","C"
"2258","C","C","C","C"
"2259","C","C","C","C"
"2260","C","C","C","C"
"2261","C","C","C","C"
"2262","C","C","C","C"
"2263","C","C","C","C"
"2264","C","C","C","C"
"2265","C","C","C","C"
"2266","C","C","A","A"
"2267","C","C","A","A"
"2268","C","C","A","C"
"2269","C","C","A","A"
"2270","C","C","A","A"
"2271","C","C","A","A"
"2272","C","C","C","C"
"2273","C","C","D","C"
"2274","C","C","C","C"
"2275","C","C","C","C"
"2276","C","C","D","D"
"2277","C","C","D","D"
"2278","C","C","C","C"
"2279","C","C","D","D"
"2280","C","C","D","D"
"2281","C","C","A","A"
"2282","C","C","A","A"
"2283","C","C","A","B"
"2284","C","C","A","B"
"2285","C","C","C","C"
"2286","C","C","C","C"
"2287","C","C","C","C"
"2288","C","C","C","C"
"2289","C","C","C","C"
"2290","C","C","C","C"
"2291","C","C","D","D"
"2292","C","C","C","C"
"2293","C","C","C","C"
"2294","C","C","C","C"
"2295","C","C","C","C"
"2296","C","C","C","C"
"2297","C","C","C","C"
"2298","C","C","C","C"
"2299","C","C","C","C"
"2300","C","C","C","C"
"2301","C","C","C","C"
"2302","C","C","C","C"
"2303","C","C","C","C"
"2304","C","C","C","C"
"2305","C","C","A","A"
"2306","C","C","A","A"
"2307","C","C","A","A"
"2308","C","C","C","C"
"2309","C","C","C","C"
"2310","C","C","C","C"
"2311","C","C","C","C"
"2312","C","C","A","A"
"2313","C","C","A","C"
"2314","C","C","C","C"
"2315","C","C","C","C"
"2316","C","C","C","C"
"2317","C","C","C","C"
"2318","C","C","C","C"
"2319","C","C","C","C"
"2320","C","C","C","C"
"2321","C","C","A","C"
"2322","C","C","A","A"
"2323","C","C","C","C"
"2324","C","C","C","C"
"2325","C","C","C","C"
"2326","C","D","C","C"
"2327","C","C","C","C"
"2328","C","C","C","C"
"2329","C","C","C","C"
"2330","C","C","C","C"
"2331","C","D","A","C"
"2332","C","D","C","C"
"2333","C","D","A","A"
"2334","C","C","C","A"
"2335","C","C","C","C"
"2336","C","C","C","C"
"2337","C","C","C","C"
"2338","C","D","C","C"
"2339","C","C","C","C"
"2340","C","D","C","C"
"2341","C","D","C","C"
"2342","D","D","C","C"
"2343","C","C","C","C"
"2344","C","C","C","C"
"2345","C","C","C","C"
"2346","C","C","C","C"
"2347","C","C","C","C"
"2348","C","C","C","C"
"2349","C","C","C","C"
"2350","C","C","C","C"
"2351","C","C","C","C"
"2352","C","C","C","C"
"2353","C","C","C","C"
"2354","C","C","A","C"
"2355","C","C","A","C"
"2356","C","C","C","C"
"2357","C","C","C","C"
"2358","C","C","A","C"
"2359","C","C","A","A"
"2360","C","C","A","C"
"2361","C","C","A","C"
"2362","C","C","A","C"
"2363","C","D","B","B"
"2364","C","C","A","B"
"2365","C","C","B","B"
"2366","C","C","B","B"
"2367","C","C","B","B"
"2368","C","B","C","D"
"2369","C","B","C","D"
"2370","C","B","C","D"
"2371","C","C","C","D"
"2372","C","C","C","C"
"2373","C","C","C","C"
"2374","C","C","C","C"
"2375","C","C","C","C"
"2376","C","C","C","C"
"2377","C","C","C","C"
"2378","C","C","C","C"
"2379","C","C","C","C"
"2380","C","C","C","C"
"2381","C","C","E","E"
"2382","C","C","E","C"
"2383","C","C","C","C"
"2384","C","C","C","C"
"2385","C","C","C","C"
"2386","C","C","C","C"
"2387","C","C","C","C"
"2388","C","C","C","C"
"2389","C","C","C","C"
"2390","C","C","C","C"
"2391","C","C","B","B"
"2392","C","C","B","C"
"2393","C","C","B","C"
"2394","C","C","C","C"
"2395","C","C","C","C"
"2396","C","C","C","C"
"2397","C","C","C","C"
"2398","C","C","C","C"
"2399","C","C","C","C"
"2400","C","C","E","C"
"2401","C","C","C","C"
"2402","C","C","B","B"
"2403","C","C","B","B"
"2404","C","C","B","E"
"2405","C","C","B","B"
"2406","C","C","C","C"
"2407","C","C","C","C"
"2408","C","C","C","C"
"2409","C","C","C","C"
"2410","C","C","C","C"
"2411","C","C","C","C"
"2412","C","C","C","C"
"2413","C","C","C","C"
"2414","C","C","C","C"
"2415","C","C","B","B"
"2416","C","C","B","B"
"2417","C","C","B","B"
"2418","C","C","B","B"
"2419","C","C","C","C"
"2420","C","C","C","C"
"2421","C","C","C","C"
"2422","C","C","C","C"
"2423","C","C","C","C"
"2424","C","C","C","C"
"2425","C","C","C","C"
"2426","C","C","C","C"
"2427","C","C","C","C"
"2428","C","C","C","C"
"2429","C","C","C","C"
"2430","C","C","C","C"
"2431","C","C","C","C"
"2432","C","C","C","C"
"2433","C","C","C","C"
"2434","C","C","C","C"
"2435","C","C","C","C"
"2436","C","C","C","C"
"2437","C","C","C","C"
"2438","C","C","C","C"
"2439","C","C","C","C"
"2440","C","C","C","C"
"2441","C","C","C","C"
"2442","C","C","C","C"
"2443","C","C","C","C"
"2444","C","C","C","C"
"2445","C","C","C","C"
"2446","C","C","C","C"
"2447","C","C","C","C"
"2448","C","C","C","C"
"2449","C","C","C","C"
"2450","C","C","D","D"
"2451","C","C","E","C"
"2452","C","C","C","C"
"2453","C","C","C","C"
"2454","C","C","C","C"
"2455","C","C","C","C"
"2456","C","C","C","C"
"2457","C","C","C","C"
"2458","C","C","C","C"
"2459","C","C","C","C"
"2460","C","C","C","C"
"2461","C","C","C","C"
"2462","C","C","C","C"
"2463","C","C","C","C"
"2464","C","C","C","C"
"2465","C","C","C","C"
"2466","C","C","C","C"
"2467","C","C","C","C"
"2468","C","C","C","C"
"2469","C","C","C","C"
"2470","C","C","C","C"
"2471","C","C","C","C"
"2472","C","C","C","C"
"2473","C","C","C","C"
"2474","C","C","C","C"
"2475","C","C","C","C"
"2476","C","C","C","C"
"2477","C","C","C","C"
"2478","C","C","C","C"
"2479","C","C","C","C"
"2480","C","C","C","C"
"2481","C","C","C","C"
"2482","C","C","C","C"
"2483","C","C","C","C"
"2484","C","C","C","C"
"2485","C","C","C","C"
"2486","C","C","C","C"
"2487","C","C","C","C"
"2488","C","C","C","C"
"2489","C","C","C","C"
"2490","C","C","C","C"
"2491","C","C","C","C"
"2492","C","C","C","C"
"2493","C","C","C","C"
"2494","C","C","C","C"
"2495","C","C","C","C"
"2496","C","C","C","C"
"2497","C","C","C","C"
"2498","C","C","C","C"
"2499","C","C","C","C"
"2500","C","C","C","C"
"2501","C","C","C","C"
"2502","C","C","C","C"
"2503","C","C","D","D"
"2504","C","C","D","D"
"2505","C","C","A","A"
"2506","C","C","D","D"
"2507","C","C","D","D"
"2508","C","C","D","D"
"2509","C","C","C","C"
"2510","C","C","C","C"
"2511","C","C","C","C"
"2512","C","C","C","C"
"2513","C","C","C","C"
"2514","C","C","C","C"
"2515","C","C","C","C"
"2516","C","C","C","C"
"2517","C","C","C","C"
"2518","C","C","B","B"
"2519","C","C","A","C"
"2520","C","C","A","C"
"2521","C","C","C","C"
"2522","C","C","A","A"
"2523","C","C","C","C"
"2524","C","C","A","A"
"2525","C","C","A","A"
"2526","C","C","C","C"
"2527","C","C","A","D"
"2528","C","C","A","A"
"2529","C","C","C","C"
"2530","C","C","C","C"
"2531","C","C","C","C"
"2532","C","C","A","A"
"2533","C","C","A","A"
"2534","C","C","C","C"
"2535","C","C","C","C"
"2536","C","C","C","A"
"2537","C","C","C","C"
"2538","C","C","D","D"
"2539","C","C","A","D"
"2540","C","C","A","A"
"2541","C","C","C","A"
"2542","C","C","C","C"
"2543","C","C","C","D"
"2544","C","C","D","D"
"2545","C","C","A","A"
"2546","C","C","C","C"
"2547","C","C","B","C"
"2548","C","C","B","B"
"2549","C","C","A","A"
"2550","C","C","A","B"
"2551","C","C","A","A"
"2552","C","C","A","C"
"2553","C","D","C","C"
"2554","C","C","C","C"
"2555","C","C","C","C"
"2556","C","C","C","C"
"2557","C","C","C","E"
"2558","C","C","C","C"
"2559","C","C","C","C"
"2560","D","D","A","A"
"2561","D","D","D","D"
"2562","D","D","D","D"
"2563","D","D","D","D"
"2564","D","D","D","D"
"2565","D","D","D","D"
"2566","D","D","D","D"
"2567","D","D","D","D"
"2568","D","D","D","D"
"2569","D","D","D","D"
"2570","D","D","B","B"
"2571","D","D","D","D"
"2572","D","D","D","D"
"2573","D","D","D","D"
"2574","D","D","D","D"
"2575","D","D","D","D"
"2576","D","D","D","D"
"2577","D","D","D","D"
"2578","D","D","D","D"
"2579","D","D","D","D"
"2580","D","D","D","D"
"2581","D","D","D","D"
"2582","D","D","D","D"
"2583","D","D","D","D"
"2584","D","D","D","D"
"2585","D","D","D","D"
"2586","D","D","D","D"
"2587","D","D","A","A"
"2588","D","D","D","D"
"2589","D","D","E","E"
"2590","D","D","A","A"
"2591","D","D","D","D"
"2592","D","D","D","D"
"2593","D","D","D","D"
"2594","D","C","C","C"
"2595","C","C","C","C"
"2596","C","C","C","C"
"2597","D","C","C","C"
"2598","D","C","C","C"
"2599","D","C","A","C"
"2600","D","B","A","A"
"2601","D","D","A","A"
"2602","D","D","A","A"
"2603","D","D","A","A"
"2604","D","D","D","C"
"2605","D","D","C","D"
"2606","D","D","D","D"
"2607","D","D","A","D"
"2608","D","D","A","B"
"2609","D","D","D","D"
"2610","D","D","D","D"
"2611","D","D","D","D"
"2612","D","D","D","D"
"2613","D","D","D","D"
"2614","D","D","D","D"
"2615","D","D","D","D"
"2616","D","D","D","D"
"2617","D","D","D","D"
"2618","D","D","D","D"
"2619","D","D","D","B"
"2620","D","D","A","A"
"2621","D","D","D","D"
"2622","D","D","D","D"
"2623","D","D","D","D"
"2624","D","D","D","D"
"2625","D","D","D","D"
"2626","D","D","D","D"
"2627","D","D","D","D"
"2628","D","D","D","D"
"2629","D","D","D","D"
"2630","D","D","D","D"
"2631","D","D","D","D"
"2632","D","D","D","D"
"2633","D","D","A","A"
"2634","D","D","D","D"
"2635","D","D","A","A"
"2636","D","D","D","D"
"2637","D","D","D","D"
"2638","D","D","D","D"
"2639","D","D","D","D"
"2640","D","D","D","D"
"2641","D","D","D","D"
"2642","D","D","D","D"
"2643","D","D","D","D"
"2644","D","D","B","D"
"2645","D","D","D","D"
"2646","D","D","D","D"
"2647","D","D","D","D"
"2648","D","D","D","D"
"2649","D","D","D","D"
"2650","D","D","D","D"
"2651","D","D","D","D"
"2652","D","D","D","D"
"2653","D","D","D","D"
"2654","D","D","D","D"
"2655","D","D","D","D"
"2656","D","D","D","D"
"2657","D","D","D","D"
"2658","D","D","D","D"
"2659","D","D","D","D"
"2660","D","D","D","D"
"2661","D","D","D","D"
"2662","D","D","D","D"
"2663","D","D","D","D"
"2664","D","C","D","D"
"2665","D","D","D","D"
"2666","D","D","D","D"
"2667","D","D","D","D"
"2668","D","D","D","D"
"2669","D","D","D","D"
"2670","D","D","D","D"
"2671","D","D","D","D"
"2672","D","D","D","D"
"2673","D","D","D","D"
"2674","D","D","D","D"
"2675","D","D","D","D"
"2676","D","D","D","D"
"2677","D","D","D","D"
"2678","D","D","D","D"
"2679","D","D","D","D"
"2680","D","D","D","D"
"2681","D","D","D","D"
"2682","D","D","D","D"
"2683","D","D","D","D"
"2684","D","D","D","D"
"2685","D","D","D","D"
"2686","D","D","D","D"
"2687","D","D","D","D"
"2688","D","D","D","D"
"2689","D","D","D","D"
"2690","D","D","D","D"
"2691","D","D","D","D"
"2692","D","D","D","D"
"2693","D","D","D","D"
"2694","D","D","D","D"
"2695","D","D","D","D"
"2696","D","D","D","D"
"2697","D","D","D","D"
"2698","D","D","D","D"
"2699","D","D","D","D"
"2700","D","D","D","D"
"2701","D","D","D","D"
"2702","D","D","D","D"
"2703","D","D","D","D"
"2704","D","D","D","D"
"2705","D","D","D","D"
"2706","D","D","D","D"
"2707","D","D","D","D"
"2708","D","D","D","D"
"2709","D","D","D","D"
"2710","D","D","D","D"
"2711","D","D","D","D"
"2712","D","D","D","D"
"2713","D","D","D","D"
"2714","D","D","D","D"
"2715","D","D","D","D"
"2716","D","D","D","D"
"2717","D","D","B","D"
"2718","D","D","D","D"
"2719","D","D","D","D"
"2720","D","D","D","D"
"2721","D","D","D","D"
"2722","D","D","D","D"
"2723","D","D","D","D"
"2724","D","D","D","D"
"2725","D","D","D","D"
"2726","D","B","D","D"
"2727","D","D","D","D"
"2728","D","D","D","D"
"2729","D","D","D","D"
"2730","D","D","D","D"
"2731","D","D","D","D"
"2732","D","D","D","D"
"2733","D","D","D","D"
"2734","D","C","D","D"
"2735","D","C","D","D"
"2736","D","E","D","D"
"2737","D","D","E","D"
"2738","D","D","E","E"
"2739","D","D","D","D"
"2740","D","D","D","D"
"2741","D","D","C","D"
"2742","D","D","C","D"
"2743","D","D","C","D"
"2744","D","D","C","D"
"2745","D","D","D","D"
"2746","D","D","D","D"
"2747","D","D","D","D"
"2748","D","D","D","D"
"2749","D","D","D","D"
"2750","D","D","D","D"
"2751","D","D","D","D"
"2752","D","D","D","D"
"2753","D","D","D","D"
"2754","D","D","C","D"
"2755","D","D","D","D"
"2756","D","D","A","A"
"2757","D","D","D","D"
"2758","D","D","D","D"
"2759","D","D","E","D"
"2760","D","D","D","D"
"2761","D","D","E","E"
"2762","D","D","E","E"
"2763","D","D","E","E"
"2764","D","D","E","E"
"2765","D","D","E","D"
"2766","D","D","D","D"
"2767","D","D","B","B"
"2768","D","D","B","D"
"2769","D","D","D","D"
"2770","D","D","D","D"
"2771","D","D","D","D"
"2772","D","D","E","E"
"2773","D","D","D","D"
"2774","D","D","D","D"
"2775","D","D","B","D"
"2776","D","D","B","B"
"2777","D","D","B","B"
"2778","D","D","B","D"
"2779","D","D","D","D"
"2780","D","D","A","A"
"2781","D","D","D","D"
"2782","D","D","C","D"
"2783","D","D","A","D"
"2784","D","D","A","D"
"2785","D","D","B","B"
"2786","D","D","B","B"
"2787","D","D","D","D"
"2788","D","D","D","D"
"2789","D","D","B","D"
"2790","D","D","B","D"
"2791","D","D","E","E"
"2792","D","D","E","E"
"2793","D","D","E","E"
"2794","D","D","E","D"
"2795","D","D","C","D"
"2796","D","D","B","B"
"2797","D","D","B","B"
"2798","D","D","B","D"
"2799","D","D","D","D"
"2800","D","D","D","D"
"2801","D","D","E","D"
"2802","D","D","D","D"
"2803","D","D","E","E"
"2804","D","D","E","E"
"2805","D","D","E","E"
"2806","D","D","E","D"
"2807","D","D","A","D"
"2808","D","D","A","D"
"2809","D","D","D","D"
"2810","D","D","B","D"
"2811","D","D","D","D"
"2812","D","E","A","A"
"2813","D","E","E","E"
"2814","D","A","E","E"
"2815","E","D","A","A"
"2816","C","D","C","C"
"2817","D","D","C","C"
"2818","D","C","C","C"
"2819","D","D","C","C"
"2820","D","D","D","E"
"2821","D","D","D","D"
"2822","D","D","D","E"
"2823","D","D","A","A"
"2824","D","D","D","D"
"2825","D","D","D","D"
"2826","D","D","D","D"
"2827","D","D","D","D"
"2828","D","D","A","A"
"2829","D","D","D","E"
"2830","D","D","E","E"
"2831","D","D","E","E"
"2832","D","D","B","B"
"2833","D","D","B","B"
"2834","D","D","A","A"
"2835","D","D","B","B"
"2836","D","D","D","D"
"2837","D","D","A","A"
"2838","D","D","D","D"
"2839","D","D","D","D"
"2840","D","D","D","D"
"2841","D","D","D","A"
"2842","D","D","B","B"
"2843","D","D","D","D"
"2844","D","D","D","D"
"2845","D","D","D","D"
"2846","D","D","A","A"
"2847","D","D","A","A"
"2848","D","D","D","D"
"2849","D","D","D","D"
"2850","D","D","D","D"
"2851","D","D","A","A"
"2852","D","D","A","A"
"2853","D","D","A","A"
"2854","D","D","D","D"
"2855","D","D","D","D"
"2856","D","D","D","D"
"2857","D","D","D","D"
"2858","D","D","D","D"
"2859","D","D","D","D"
"2860","D","D","D","D"
"2861","D","D","D","D"
"2862","D","D","D","D"
"2863","D","D","D","D"
"2864","D","D","D","D"
"2865","D","D","D","D"
"2866","D","D","A","A"
"2867","D","D","A","A"
"2868","D","D","A","A"
"2869","D","D","D","D"
"2870","D","C","C","C"
"2871","D","D","D","C"
"2872","D","C","C","C"
"2873","D","D","C","C"
"2874","D","D","D","D"
"2875","D","D","C","C"
"2876","D","D","C","C"
"2877","D","D","C","C"
"2878","D","D","D","C"
"2879","D","D","C","C"
"2880","D","D","E","D"
"2881","D","D","C","C"
"2882","D","D","C","C"
"2883","D","D","C","C"
"2884","D","D","D","D"
"2885","D","D","D","D"
"2886","D","D","D","D"
"2887","D","D","D","D"
"2888","D","D","D","D"
"2889","D","D","D","D"
"2890","D","D","D","E"
"2891","D","D","D","D"
"2892","D","D","D","D"
"2893","D","D","D","E"
"2894","D","D","D","D"
"2895","D","D","D","E"
"2896","D","D","E","E"
"2897","D","D","E","D"
"2898","D","D","D","D"
"2899","D","D","D","D"
"2900","D","D","D","D"
"2901","D","D","D","D"
"2902","D","D","D","D"
"2903","D","D","D","D"
"2904","D","D","D","D"
"2905","D","D","D","D"
"2906","D","D","D","D"
"2907","D","D","D","D"
"2908","D","D","D","D"
"2909","D","D","D","D"
"2910","D","D","D","D"
"2911","D","D","E","D"
"2912","D","D","D","D"
"2913","D","D","D","D"
"2914","D","D","D","D"
"2915","D","D","D","D"
"2916","D","D","D","D"
"2917","D","D","D","D"
"2918","D","D","D","E"
"2919","D","D","D","D"
"2920","D","D","D","D"
"2921","D","D","D","D"
"2922","D","D","D","D"
"2923","D","D","D","D"
"2924","D","D","D","D"
"2925","D","D","D","D"
"2926","D","D","D","D"
"2927","D","D","D","D"
"2928","D","D","D","D"
"2929","D","D","D","D"
"2930","D","D","D","E"
"2931","D","D","D","D"
"2932","D","D","D","D"
"2933","D","D","D","D"
"2934","D","D","D","D"
"2935","D","D","D","D"
"2936","D","D","D","D"
"2937","D","D","D","D"
"2938","D","D","D","D"
"2939","D","D","D","D"
"2940","D","D","D","D"
"2941","D","D","D","D"
"2942","D","D","D","D"
"2943","D","D","D","D"
"2944","D","D","D","D"
"2945","D","D","D","D"
"2946","D","D","D","D"
"2947","D","D","D","D"
"2948","D","D","D","D"
"2949","D","D","D","D"
"2950","D","D","D","D"
"2951","D","D","D","D"
"2952","D","D","D","D"
"2953","D","D","D","D"
"2954","D","D","C","C"
"2955","D","D","C","C"
"2956","D","D","C","C"
"2957","D","D","C","C"
"2958","D","D","C","C"
"2959","D","D","A","C"
"2960","D","D","D","D"
"2961","D","D","D","D"
"2962","C","D","C","C"
"2963","D","D","C","C"
"2964","D","D","C","C"
"2965","D","D","C","C"
"2966","D","D","C","C"
"2967","D","D","C","C"
"2968","D","D","C","C"
"2969","D","D","C","C"
"2970","D","D","C","C"
"2971","D","D","C","C"
"2972","D","D","C","C"
"2973","D","D","D","D"
"2974","D","D","D","D"
"2975","D","D","D","D"
"2976","D","D","D","D"
"2977","D","D","C","D"
"2978","D","D","B","B"
"2979","D","D","B","B"
"2980","D","D","E","E"
"2981","D","D","C","C"
"2982","D","D","D","D"
"2983","D","D","D","D"
"2984","D","D","B","B"
"2985","D","D","B","B"
"2986","D","D","B","B"
"2987","D","D","B","B"
"2988","D","D","D","D"
"2989","D","D","D","D"
"2990","D","D","D","D"
"2991","D","D","D","D"
"2992","D","D","D","D"
"2993","D","D","B","B"
"2994","D","D","D","D"
"2995","D","D","D","D"
"2996","D","D","D","D"
"2997","D","D","D","D"
"2998","D","D","D","D"
"2999","D","D","D","D"
"3000","D","D","D","D"
"3001","D","D","D","D"
"3002","D","D","D","D"
"3003","D","D","D","D"
"3004","D","D","D","D"
"3005","D","D","D","B"
"3006","D","D","D","D"
"3007","D","D","D","D"
"3008","D","D","D","D"
"3009","D","D","D","D"
"3010","D","D","D","D"
"3011","D","D","D","D"
"3012","D","D","D","D"
"3013","D","D","D","D"
"3014","D","D","D","D"
"3015","D","D","D","D"
"3016","D","D","D","D"
"3017","D","C","D","D"
"3018","D","B","E","D"
"3019","D","D","D","E"
"3020","D","D","D","D"
"3021","D","D","D","D"
"3022","D","D","D","D"
"3023","D","E","D","D"
"3024","D","D","D","D"
"3025","D","D","D","D"
"3026","D","D","D","D"
"3027","D","D","D","D"
"3028","D","D","D","D"
"3029","D","D","A","A"
"3030","D","D","B","A"
"3031","D","D","A","A"
"3032","D","D","A","A"
"3033","D","D","D","D"
"3034","D","D","D","D"
"3035","D","D","D","D"
"3036","D","D","D","D"
"3037","D","D","D","D"
"3038","D","D","D","D"
"3039","D","D","D","D"
"3040","D","D","C","D"
"3041","D","D","A","B"
"3042","D","D","C","C"
"3043","D","D","C","C"
"3044","D","D","C","C"
"3045","D","D","C","C"
"3046","D","D","C","C"
"3047","D","D","D","D"
"3048","D","D","D","D"
"3049","D","D","D","D"
"3050","D","D","D","D"
"3051","D","D","D","D"
"3052","D","D","C","A"
"3053","D","D","D","D"
"3054","D","D","C","A"
"3055","D","D","A","C"
"3056","D","D","A","B"
"3057","D","D","A","A"
"3058","D","D","C","C"
"3059","D","C","C","C"
"3060","D","C","C","C"
"3061","D","C","C","C"
"3062","D","C","C","C"
"3063","D","D","C","C"
"3064","D","D","C","D"
"3065","D","D","C","C"
"3066","D","D","A","A"
"3067","D","D","A","A"
"3068","D","D","C","C"
"3069","D","D","C","A"
"3070","D","D","C","C"
"3071","D","C","C","C"
"3072","D","D","C","C"
"3073","D","D","C","C"
"3074","D","D","C","C"
"3075","D","D","C","C"
"3076","D","D","C","C"
"3077","D","D","C","C"
"3078","D","D","C","C"
"3079","D","D","C","C"
"3080","D","D","C","C"
"3081","D","D","C","C"
"3082","D","D","C","C"
"3083","D","D","D","D"
"3084","D","D","C","C"
"3085","D","D","D","D"
"3086","D","D","C","C"
"3087","D","D","D","D"
"3088","D","D","D","D"
"3089","D","D","D","D"
"3090","D","D","D","D"
"3091","D","D","D","D"
"3092","D","D","D","D"
"3093","D","D","D","D"
"3094","D","D","D","D"
"3095","D","D","D","D"
"3096","D","D","D","D"
"3097","D","D","D","D"
"3098","D","D","C","C"
"3099","D","D","C","C"
"3100","D","D","C","C"
"3101","D","D","D","D"
"3102","D","D","D","D"
"3103","D","D","D","D"
"3104","D","D","D","D"
"3105","D","D","D","D"
"3106","D","D","D","D"
"3107","D","D","D","D"
"3108","D","D","D","D"
"3109","D","D","D","D"
"3110","D","D","A","D"
"3111","D","D","D","D"
"3112","D","D","D","D"
"3113","D","D","D","D"
"3114","D","D","D","D"
"3115","D","D","D","D"
"3116","D","D","B","D"
"3117","D","D","B","B"
"3118","D","D","B","D"
"3119","D","D","D","D"
"3120","D","D","D","D"
"3121","D","D","D","D"
"3122","D","D","D","D"
"3123","D","D","D","D"
"3124","D","D","D","D"
"3125","D","D","D","D"
"3126","D","D","D","D"
"3127","D","D","D","D"
"3128","D","D","D","D"
"3129","D","D","D","D"
"3130","D","D","D","D"
"3131","D","D","D","D"
"3132","D","D","D","D"
"3133","D","D","D","D"
"3134","D","D","D","D"
"3135","D","D","D","D"
"3136","D","D","D","D"
"3137","D","D","C","C"
"3138","D","D","D","D"
"3139","D","D","C","C"
"3140","D","D","C","C"
"3141","D","D","C","C"
"3142","D","D","D","D"
"3143","D","D","D","D"
"3144","D","D","D","D"
"3145","D","D","D","D"
"3146","D","D","D","C"
"3147","D","D","D","D"
"3148","D","D","D","D"
"3149","D","D","D","D"
"3150","D","D","D","D"
"3151","D","D","D","D"
"3152","D","D","D","D"
"3153","D","D","D","D"
"3154","D","D","D","D"
"3155","D","D","D","D"
"3156","D","D","D","D"
"3157","D","D","D","D"
"3158","D","D","E","E"
"3159","D","D","E","E"
"3160","D","D","D","D"
"3161","D","D","D","D"
"3162","D","D","D","D"
"3163","D","D","D","D"
"3164","D","D","B","B"
"3165","D","D","B","D"
"3166","D","D","D","D"
"3167","D","D","B","D"
"3168","D","D","E","E"
"3169","D","D","E","E"
"3170","D","D","A","D"
"3171","D","D","D","D"
"3172","D","D","D","D"
"3173","D","D","D","D"
"3174","D","D","D","D"
"3175","D","D","D","D"
"3176","D","D","D","D"
"3177","D","D","D","D"
"3178","D","D","A","D"
"3179","D","D","D","D"
"3180","D","D","D","D"
"3181","D","D","D","D"
"3182","D","D","D","D"
"3183","D","D","E","D"
"3184","D","D","D","D"
"3185","D","D","D","D"
"3186","D","D","A","D"
"3187","D","D","D","D"
"3188","D","D","D","D"
"3189","D","D","D","D"
"3190","D","D","D","D"
"3191","D","D","D","D"
"3192","D","D","D","C"
"3193","D","D","D","D"
"3194","D","D","A","A"
"3195","D","D","D","D"
"3196","D","D","D","D"
"3197","D","D","D","D"
"3198","D","D","D","D"
"3199","D","D","D","D"
"3200","D","D","D","D"
"3201","D","D","D","D"
"3202","D","D","D","D"
"3203","E","E","E","E"
"3204","E","E","E","E"
"3205","E","E","E","E"
"3206","E","E","D","D"
"3207","E","E","E","E"
"3208","E","E","D","D"
"3209","E","E","E","E"
"3210","E","E","D","D"
"3211","E","E","E","E"
"3212","E","E","E","E"
"3213","E","E","E","E"
"3214","E","E","E","E"
"3215","E","E","B","E"
"3216","E","E","E","E"
"3217","E","E","E","E"
"3218","E","E","E","E"
"3219","E","E","E","E"
"3220","E","E","E","E"
"3221","E","E","E","E"
"3222","E","E","E","E"
"3223","E","E","E","E"
"3224","E","E","E","E"
"3225","E","E","E","E"
"3226","E","E","E","E"
"3227","E","E","E","E"
"3228","E","E","C","C"
"3229","E","E","E","C"
"3230","E","E","B","B"
"3231","E","E","B","E"
"3232","E","E","E","B"
"3233","E","E","C","C"
"3234","E","E","E","E"
"3235","E","E","E","E"
"3236","E","E","E","E"
"3237","E","E","E","E"
"3238","E","E","E","E"
"3239","E","E","E","E"
"3240","E","E","E","E"
"3241","E","E","D","D"
"3242","E","E","E","E"
"3243","E","E","B","B"
"3244","E","E","B","B"
"3245","E","E","D","D"
"3246","E","E","D","D"
"3247","E","E","E","E"
"3248","E","E","E","E"
"3249","E","E","E","E"
"3250","E","E","E","E"
"3251","E","E","E","E"
"3252","E","E","B","B"
"3253","E","E","E","E"
"3254","E","E","E","E"
"3255","E","E","B","B"
"3256","E","E","E","E"
"3257","E","E","D","D"
"3258","E","E","D","D"
"3259","E","E","D","D"
"3260","E","E","D","D"
"3261","E","E","E","E"
"3262","E","E","E","E"
"3263","E","E","B","B"
"3264","E","E","E","E"
"3265","E","E","E","E"
"3266","E","E","E","E"
"3267","E","E","E","E"
"3268","E","E","D","D"
"3269","E","E","B","B"
"3270","E","E","B","B"
"3271","E","E","B","B"
"3272","E","E","B","B"
"3273","E","E","E","E"
"3274","E","E","E","E"
"3275","E","E","E","E"
"3276","E","E","B","B"
"3277","E","E","B","B"
"3278","E","E","E","E"
"3279","E","E","E","E"
"3280","E","E","E","E"
"3281","E","E","B","B"
"3282","E","E","E","E"
"3283","E","E","E","E"
"3284","E","E","E","D"
"3285","E","E","B","D"
"3286","E","E","E","E"
"3287","E","E","E","E"
"3288","E","E","E","E"
"3289","E","E","E","E"
"3290","E","E","E","E"
"3291","E","E","E","E"
"3292","E","E","E","E"
"3293","E","E","B","E"
"3294","E","E","B","B"
"3295","E","E","B","B"
"3296","E","E","E","E"
"3297","E","E","E","E"
"3298","E","E","B","B"
"3299","E","E","E","E"
"3300","E","E","B","B"
"3301","E","E","B","D"
"3302","E","E","B","B"
"3303","E","E","E","E"
"3304","E","E","E","E"
"3305","E","E","E","E"
"3306","E","E","E","E"
"3307","E","E","E","E"
"3308","E","E","E","E"
"3309","E","E","B","B"
"3310","E","E","B","B"
"3311","E","E","B","B"
"3312","E","E","B","B"
"3313","E","E","B","B"
"3314","E","E","B","B"
"3315","E","E","A","A"
"3316","E","E","E","E"
"3317","E","E","A","A"
"3318","E","C","C","C"
"3319","C","C","C","C"
"3320","E","E","C","C"
"3321","E","E","A","A"
"3322","E","E","A","A"
"3323","E","E","A","A"
"3324","D","D","D","D"
"3325","E","E","D","D"
"3326","E","E","E","E"
"3327","E","E","B","B"
"3328","E","E","A","B"
"3329","E","E","E","E"
"3330","E","E","E","E"
"3331","E","E","E","E"
"3332","E","E","E","E"
"3333","E","E","E","E"
"3334","E","E","E","E"
"3335","E","E","E","E"
"3336","E","E","E","E"
"3337","E","E","A","A"
"3338","E","E","E","E"
"3339","E","E","E","E"
"3340","E","E","E","E"
"3341","E","E","E","E"
"3342","E","E","E","A"
"3343","E","E","E","E"
"3344","D","D","D","D"
"3345","E","D","D","D"
"3346","E","E","E","E"
"3347","E","E","D","D"
"3348","E","E","E","D"
"3349","E","E","E","E"
"3350","E","E","E","E"
"3351","E","E","D","D"
"3352","E","D","D","D"
"3353","E","E","D","D"
"3354","E","D","D","E"
"3355","E","D","D","E"
"3356","E","E","D","D"
"3357","E","E","D","E"
"3358","E","E","D","E"
"3359","E","E","E","E"
"3360","E","E","E","E"
"3361","E","E","E","E"
"3362","E","E","E","E"
"3363","E","E","E","E"
"3364","E","E","C","E"
"3365","E","E","C","E"
"3366","E","E","E","E"
"3367","E","E","E","E"
"3368","E","E","E","E"
"3369","E","E","E","E"
"3370","E","E","E","E"
"3371","E","E","E","E"
"3372","E","E","E","E"
"3373","E","E","E","E"
"3374","E","E","E","E"
"3375","E","E","E","E"
"3376","E","E","E","E"
"3377","E","E","E","E"
"3378","E","E","E","E"
"3379","E","E","E","E"
"3380","E","E","E","E"
"3381","E","E","E","E"
"3382","E","E","E","E"
"3383","E","E","E","E"
"3384","E","E","E","E"
"3385","E","E","E","E"
"3386","E","E","D","E"
"3387","E","E","E","E"
"3388","E","E","C","A"
"3389","E","E","E","A"
"3390","E","E","E","A"
"3391","E","E","E","E"
"3392","E","E","E","E"
"3393","E","E","E","E"
"3394","E","E","E","E"
"3395","E","E","E","E"
"3396","E","E","E","E"
"3397","E","E","E","E"
"3398","E","E","E","E"
"3399","E","E","E","E"
"3400","E","E","E","E"
"3401","E","E","E","E"
"3402","E","E","E","E"
"3403","E","E","D","E"
"3404","E","D","E","E"
"3405","E","E","E","E"
"3406","E","E","E","E"
"3407","E","E","E","E"
"3408","E","E","E","E"
"3409","E","E","E","E"
"3410","E","E","E","E"
"3411","E","E","E","E"
"3412","E","E","E","D"
"3413","E","E","E","E"
"3414","E","E","D","D"
"3415","E","E","D","D"
"3416","E","E","E","E"
"3417","E","E","E","E"
"3418","E","E","E","E"
"3419","E","E","E","E"
"3420","E","E","E","E"
"3421","E","E","E","E"
"3422","E","E","E","E"
"3423","E","E","E","E"
"3424","E","E","D","E"
"3425","E","E","E","E"
"3426","E","E","E","E"
"3427","E","E","E","E"
"3428","E","E","E","E"
"3429","E","E","E","E"
"3430","E","E","E","E"
"3431","E","E","E","E"
"3432","E","E","D","A"
"3433","E","E","D","E"
"3434","E","E","B","A"
"3435","E","E","E","E"
"3436","E","E","B","A"
"3437","E","E","E","E"
"3438","E","E","E","E"
"3439","E","E","E","E"
"3440","E","E","E","E"
"3441","E","E","B","B"
"3442","E","E","E","E"
"3443","E","E","E","E"
"3444","E","E","E","E"
"3445","E","E","E","E"
"3446","E","E","E","E"
"3447","E","E","E","E"
"3448","E","E","E","E"
"3449","E","E","E","E"
"3450","E","E","E","E"
"3451","E","E","E","E"
"3452","E","E","E","E"
"3453","E","E","E","E"
"3454","E","E","E","E"
"3455","E","E","D","E"
"3456","E","E","D","D"
"3457","E","E","B","E"
"3458","E","E","E","E"
"3459","E","E","E","E"
"3460","E","E","E","E"
"3461","E","E","E","E"
"3462","E","E","E","E"
"3463","E","E","C","E"
"3464","E","E","C","C"
"3465","E","E","C","E"
"3466","E","E","E","E"
"3467","E","E","E","E"
"3468","E","E","E","E"
"3469","E","E","E","E"
"3470","E","E","E","E"
"3471","E","E","E","E"
"3472","E","E","E","E"
"3473","E","E","E","E"
"3474","E","E","A","A"
"3475","E","E","A","A"
"3476","E","E","A","A"
"3477","E","E","B","B"
"3478","E","E","B","B"
"3479","E","E","B","E"
"3480","E","E","E","E"
"3481","E","E","E","E"
"3482","E","E","E","E"
"3483","E","A","A","A"
"3484","E","E","D","D"
"3485","E","E","B","D"
"3486","E","E","E","E"
"3487","E","E","E","E"
"3488","E","E","E","E"
"3489","E","E","E","E"
"3490","E","E","B","E"
"3491","E","E","E","E"
"3492","E","E","A","A"
"3493","E","E","A","A"
"3494","E","E","A","A"
"3495","E","E","A","A"
"3496","E","E","A","A"
"3497","E","E","E","E"
"3498","E","E","E","E"
"3499","E","E","E","E"
"3500","E","E","E","E"
"3501","E","E","E","E"
"3502","E","E","B","E"
"3503","E","E","E","E"
"3504","E","E","E","E"
"3505","E","E","E","E"
"3506","E","E","E","E"
"3507","E","E","E","E"
"3508","E","E","E","E"
"3509","E","E","E","E"
"3510","E","E","B","B"
"3511","E","E","B","B"
"3512","E","E","B","B"
"3513","E","E","E","E"
"3514","E","E","E","E"
"3515","E","E","E","E"
"3516","E","E","E","E"
"3517","E","E","E","E"
"3518","E","E","E","E"
"3519","E","E","D","E"
"3520","E","E","D","D"
"3521","E","B","D","D"
"3522","E","E","E","E"
"3523","E","E","E","E"
"3524","E","E","E","E"
"3525","E","E","B","B"
"3526","E","E","E","E"
"3527","E","E","E","E"
"3528","E","E","D","E"
"3529","E","E","E","E"
"3530","E","E","E","E"
"3531","E","E","E","E"
"3532","E","E","E","E"
"3533","E","E","B","E"
"3534","E","E","B","B"
"3535","E","E","B","B"
"3536","E","E","E","E"
"3537","E","E","E","E"
"3538","E","E","E","E"
"3539","E","E","E","E"
"3540","E","E","E","E"
"3541","E","E","E","E"
"3542","E","E","B","E"
"3543","E","E","B","B"
"3544","E","E","B","B"
"3545","E","E","E","E"
"3546","E","E","E","E"
"3547","E","E","E","E"
"3548","E","E","E","E"
"3549","E","E","E","E"
"3550","E","E","D","D"
"3551","E","E","D","D"
"3552","E","E","B","B"
"3553","E","E","B","B"
"3554","E","E","D","B"
"3555","E","E","D","B"
"3556","E","E","D","D"
"3557","E","E","D","D"
"3558","E","E","D","D"
"3559","E","E","D","D"
"3560","E","E","D","D"
"3561","E","E","B","B"
"3562","E","E","B","B"
"3563","E","E","B","B"
"3564","E","E","B","A"
"3565","E","E","A","A"
"3566","E","D","D","D"
"3567","E","D","D","D"
"3568","E","D","D","D"
"3569","E","D","D","D"
"3570","E","D","D","D"
"3571","E","D","D","D"
"3572","E","E","D","D"
"3573","E","E","D","D"
"3574","E","E","D","D"
"3575","E","D","D","D"
"3576","E","D","D","D"
"3577","E","D","D","D"
"3578","E","D","D","D"
"3579","E","E","C","C"
"3580","E","C","C","C"
"3581","E","E","E","D"
"3582","E","E","E","E"
"3583","E","E","E","E"
"3584","E","E","E","E"
"3585","E","E","D","D"
"3586","E","E","C","D"
"3587","E","E","E","D"
"3588","E","E","E","E"
"3589","E","E","E","E"
"3590","E","E","C","C"
"3591","E","E","E","D"
"3592","E","E","E","E"
"3593","E","E","E","E"
"3594","E","E","E","E"
"3595","E","E","D","D"
"3596","E","E","C","D"
"3597","E","E","E","E"
"3598","E","E","C","C"
"3599","E","E","E","E"
"3600","E","E","E","D"
"3601","E","E","E","E"
"3602","E","E","C","C"
"3603","E","E","C","D"
"3604","E","E","E","E"
"3605","E","E","E","E"
"3606","E","E","E","E"
"3607","E","E","A","A"
"3608","E","E","E","E"
"3609","E","E","E","E"
"3610","E","E","E","D"
"3611","E","E","E","E"
"3612","E","E","E","D"
"3613","E","E","D","D"
"3614","E","E","E","E"
"3615","E","E","C","C"
"3616","E","E","E","E"
"3617","E","E","E","E"
"3618","E","E","E","E"
"3619","E","E","B","B"
"3620","E","E","B","B"
"3621","E","E","B","B"
"3622","E","E","A","D"
"3623","E","E","E","E"
"3624","E","E","E","E"
"3625","E","E","E","E"
"3626","E","E","B","B"
"3627","E","E","A","A"
"3628","E","E","B","B"
"3629","E","E","B","B"
"3630","E","E","B","B"
"3631","E","E","B","B"
"3632","E","E","E","E"
"3633","E","E","A","A"
"3634","E","E","B","D"
"3635","E","E","E","E"
"3636","E","E","B","B"
"3637","E","E","B","B"
"3638","E","E","B","B"
"3639","E","E","E","E"
"3640","E","E","E","E"
"3641","E","E","E","C"
"3642","E","E","E","E"
"3643","E","E","B","B"
"3644","E","E","B","B"
"3645","E","E","B","B"
"3646","E","E","C","B"
"3647","E","E","B","C"
"3648","E","E","B","B"
"3649","E","E","E","E"
"3650","E","E","A","A"
"3651","E","E","A","A"
"3652","E","E","A","A"
"3653","E","B","C","C"
"3654","E","B","B","E"
"3655","E","B","E","E"
"3656","E","D","E","E"
"3657","E","E","E","E"
"3658","E","E","E","E"
"3659","E","E","E","E"
"3660","E","E","E","D"
"3661","E","E","E","E"
"3662","E","E","E","E"
"3663","E","E","E","E"
"3664","E","E","E","E"
"3665","E","E","E","E"
"3666","E","E","E","E"
"3667","E","E","E","C"
"3668","E","E","D","C"
"3669","E","E","E","E"
"3670","E","E","C","C"
"3671","E","E","E","E"
"3672","E","E","E","E"
"3673","E","E","E","E"
"3674","E","E","E","E"
"3675","E","E","E","E"
"3676","E","E","E","E"
"3677","E","E","E","E"
"3678","E","E","E","E"
"3679","E","E","E","E"
"3680","E","E","E","E"
"3681","E","E","E","E"
"3682","E","E","E","E"
"3683","E","E","E","E"
"3684","E","E","E","E"
"3685","E","E","B","B"
"3686","E","E","E","E"
"3687","E","E","E","E"
"3688","E","E","E","E"
"3689","E","E","E","E"
"3690","E","E","E","E"
"3691","E","E","E","E"
"3692","E","E","E","E"
"3693","E","E","E","E"
"3694","E","E","E","E"
"3695","E","E","E","E"
"3696","E","E","B","B"
"3697","E","E","B","B"
"3698","E","E","E","E"
"3699","E","E","E","E"
"3700","E","E","E","E"
"3701","E","E","E","E"
"3702","E","E","E","E"
"3703","E","E","E","E"
"3704","E","E","E","E"
"3705","E","E","E","E"
"3706","E","E","E","E"
"3707","E","E","E","E"
"3708","E","E","E","E"
"3709","E","E","E","E"
"3710","E","E","E","E"
"3711","E","E","E","E"
"3712","E","E","E","E"
"3713","E","E","E","E"
"3714","E","E","E","E"
"3715","E","E","E","E"
"3716","E","E","E","E"
"3717","E","E","E","E"
"3718","E","E","E","E"
"3719","E","E","E","E"
"3720","E","E","E","E"
"3721","E","E","C","C"
"3722","E","E","E","E"
"3723","E","E","B","B"
"3724","E","E","E","E"
"3725","E","E","E","E"
"3726","E","E","E","E"
"3727","E","E","E","E"
"3728","E","E","E","E"
"3729","E","E","E","E"
"3730","E","E","E","E"
"3731","E","E","E","E"
"3732","E","E","E","E"
"3733","E","E","E","E"
"3734","E","E","E","E"
"3735","E","E","E","E"
"3736","E","E","E","E"
"3737","E","E","E","E"
"3738","E","E","B","E"
"3739","E","E","B","E"
"3740","E","E","B","E"
"3741","E","E","E","E"
"3742","E","E","E","E"
"3743","E","E","E","E"
"3744","E","E","E","E"
"3745","E","E","E","E"
"3746","E","E","E","E"
"3747","E","E","E","E"
"3748","E","E","E","E"
"3749","E","E","E","E"
"3750","E","E","E","E"
"3751","E","E","E","E"
"3752","E","E","E","E"
"3753","E","E","E","E"
"3754","E","E","E","E"
"3755","E","E","E","E"
"3756","E","E","E","E"
"3757","E","E","E","E"
"3758","E","E","E","E"
"3759","E","E","B","E"
"3760","E","E","B","B"
"3761","E","E","E","E"
"3762","E","E","E","E"
"3763","E","E","B","E"
"3764","E","E","B","B"
"3765","E","E","E","E"
"3766","E","E","E","E"
"3767","E","E","E","E"
"3768","E","E","C","C"
"3769","E","E","A","E"
"3770","E","E","E","E"
"3771","E","E","E","E"
"3772","E","E","E","E"
"3773","E","E","E","E"
"3774","E","E","E","E"
"3775","E","E","E","E"
"3776","E","E","E","E"
"3777","E","E","E","E"
"3778","E","E","E","E"
"3779","E","E","E","E"
"3780","E","E","E","E"
"3781","E","E","E","E"
"3782","E","E","E","E"
"3783","E","E","E","E"
"3784","E","E","E","E"
"3785","E","E","E","E"
"3786","E","E","E","E"
"3787","E","E","E","E"
"3788","E","E","E","E"
"3789","E","E","E","E"
"3790","E","E","E","E"
"3791","E","E","C","C"
"3792","E","E","E","E"
"3793","E","E","C","E"
"3794","E","E","E","E"
"3795","E","E","E","E"
"3796","E","E","E","E"
"3797","E","E","E","E"
"3798","E","E","E","E"
"3799","E","E","E","E"
"3800","E","E","C","C"
"3801","E","E","E","E"
"3802","E","E","E","E"
"3803","E","E","E","E"
"3804","E","E","E","E"
"3805","E","E","E","E"
"3806","E","E","E","E"
"3807","E","E","E","E"
"3808","E","E","E","E"
"3809","E","E","E","E"
"3810","E","E","E","E"
"3811","E","E","E","E"
"3812","E","E","E","E"
"3813","E","E","E","E"
"3814","E","E","E","E"
"3815","E","E","C","C"
"3816","E","E","E","E"
"3817","E","E","E","E"
"3818","E","E","E","E"
"3819","E","E","C","C"
"3820","E","E","C","C"
"3821","E","E","A","A"
"3822","E","E","A","A"
"3823","E","B","E","E"
"3824","E","E","C","C"
"3825","E","E","C","C"
"3826","E","E","C","C"
"3827","E","B","C","C"
"3828","E","E","C","C"
"3829","E","E","C","C"
"3830","E","E","C","C"
"3831","E","E","C","C"
"3832","E","E","C","C"
"3833","E","E","C","C"
"3834","E","E","C","C"
"3835","E","E","C","C"
"3836","E","E","E","E"
"3837","E","E","A","A"
"3838","E","E","A","A"
"3839","E","E","C","C"
"3840","E","E","C","C"
"3841","E","E","C","C"
"3842","E","E","C","C"
"3843","E","E","C","C"
"3844","E","E","B","B"
"3845","E","E","B","B"
"3846","E","E","C","C"
"3847","E","E","B","B"
"3848","E","E","E","E"
"3849","E","E","E","E"
"3850","E","E","E","E"
"3851","E","E","B","B"
"3852","E","E","B","B"
"3853","E","E","E","E"
"3854","E","E","E","B"
"3855","E","E","E","E"
"3856","E","E","E","E"
"3857","E","E","E","E"
"3858","E","E","C","C"
"3859","E","E","C","C"
"3860","E","E","C","C"
"3861","E","E","C","C"
"3862","E","E","C","E"
"3863","E","E","B","B"
"3864","E","E","D","B"
"3865","E","E","D","D"
"3866","E","E","E","E"
"3867","E","E","E","E"
"3868","E","E","E","E"
"3869","E","E","E","E"
"3870","E","E","E","E"
"3871","E","E","E","E"
"3872","E","E","E","E"
"3873","E","E","E","E"
"3874","E","E","E","E"
"3875","E","E","E","E"
"3876","E","E","E","E"
"3877","E","E","E","E"
"3878","E","E","E","E"
"3879","E","E","E","E"
"3880","E","E","E","E"
"3881","E","E","E","E"
"3882","E","E","E","E"
"3883","E","E","E","E"
"3884","E","E","E","E"
"3885","E","E","E","E"
"3886","E","E","E","E"
"3887","E","E","E","E"
"3888","E","E","E","E"
"3889","E","E","E","E"
"3890","E","E","E","E"
"3891","E","E","E","E"
"3892","E","E","E","E"
"3893","E","E","E","E"
"3894","E","E","E","E"
"3895","E","E","E","E"
"3896","E","E","E","E"
"3897","E","E","E","E"
"3898","E","E","E","A"
"3899","E","E","E","E"
"3900","E","E","E","E"
"3901","E","E","E","E"
"3902","E","E","E","E"
"3903","E","E","E","E"
"3904","E","E","E","E"
"3905","E","E","B","B"
"3906","E","E","B","B"
"3907","E","E","E","E"
"3908","E","E","B","D"
"3909","E","E","E","D"
"3910","E","E","E","D"
"3911","E","E","E","E"
"3912","E","E","E","E"
"3913","E","E","B","B"
"3914","E","E","B","B"
"3915","E","E","E","E"
"3916","E","E","E","E"
"3917","E","E","E","E"
"3918","E","E","D","D"
"3919","E","E","D","D"
"3920","E","E","D","D"
"3921","E","E","A","B"
"3922","E","E","E","E"
"3923","E","E","E","E"
